NOTE: MPP_DOMAINS_SET_STACK_SIZE: stack size set to    32768.
NOTE: MPP_DOMAINS_SET_STACK_SIZE: stack size set to   200000.
NOTE: ======== Model being driven by ice_shelf_driver ========
NOTE: callTree: o Program Shelf_main, ice_shelf_driver.F90
NOTE: open_param_file: MOM_input has been opened successfully.
NOTE: open_param_file: MOM_IS_input has been opened successfully.
NOTE: open_param_file: MOM_IS_dynamic_input has been opened successfully.
NOTE: open_param_file: MOM_override has been opened successfully.
NOTE: callTree: o Start of ice shelf initialization.
NOTE: diag_manager_mod::diag_manager_init: prepend_date only supported when diag_manager_init is called with time_init present.
NOTE: diag_manager_mod::diag_manager_init: You are using the legacy version of the diag table
 MOM domain decomposition
whalo =    4, ehalo =    4, shalo =    4, nhalo =    4
  X-AXIS =   20
  Y-AXIS =    3
 MOMc domain decomposition
whalo =    2, ehalo =    2, shalo =    2, nhalo =    2
  X-AXIS =   10
  Y-AXIS =    1

WARNING: create_dyn_horgrid called with an associated horgrid_type.


WARNING: create_dyn_horgrid called with an associated horgrid_type.

 MOM domain decomposition
whalo =    4, ehalo =    4, shalo =    4, nhalo =    4
  X-AXIS =   20
  Y-AXIS =    3
 MOM domain decomposition
whalo =    2, ehalo =    2, shalo =    2, nhalo =    2
  X-AXIS =   10
  Y-AXIS =    1
NOTE: callTree: ---> MOM_initialize_fixed(), MOM_fixed_initialization.F90
NOTE: callTree:    ---> set_grid_metrics(), MOM_grid_initialize.F90
NOTE: callTree:       ---> set_grid_metrics_cartesian(), MOM_grid_initialize.F90
NOTE: callTree:       <--- set_grid_metrics_cartesian()
NOTE: callTree:       ---> set_derived_metrics(), MOM_grid_initialize.F90
NOTE: callTree:       <--- set_derived_metrics()
NOTE: callTree:    <--- set_grid_metrics()
NOTE: callTree:    ---> initialize_topography_named(), MOM_shared_initialization.F90
NOTE:   MOM_shared_initialization.F90, initialize_topography_named: TOPO_CONFIG = flat
NOTE: callTree:    <--- initialize_topography_named()
NOTE: callTree:    ---> limit_topography(), MOM_shared_initialization.F90
NOTE: callTree:    <--- limit_topography()
NOTE: callTree:    ---> initialize_masks(), MOM_grid_initialize.F90
NOTE: callTree:    <--- initialize_masks()
NOTE: callTree:    ---> MOM_initialize_rotation(), MOM_shared_initialization.F90
NOTE: callTree:       ---> set_rotation_planetary(), MOM_shared_initialization.F90
NOTE: callTree:       <--- set_rotation_planetary()
NOTE: callTree:    <--- MOM_initialize_rotation()
NOTE: callTree:    ---> MOM_calculate_grad_Coriolis(), MOM_shared_initialization.F90
NOTE: callTree:    <--- MOM_calculate_grad_Coriolis()
NOTE: callTree: <--- MOM_initialize_fixed()
NOTE: callTree: ---> write_ocean_geometry_file()
 MOM domain decomposition
whalo =    4, ehalo =    4, shalo =    4, nhalo =    4
  X-AXIS =   20
  Y-AXIS =    3
 MOM domain decomposition
whalo =    2, ehalo =    2, shalo =    2, nhalo =    2
  X-AXIS =   10
  Y-AXIS =    1

WARNING: Open_file is appending .nc to the filename ./ocean_geometry


WARNING: Open_file is appending .nc to the filename ./ocean_geometry

NOTE: callTree: <--- write_ocean_geometry_file()
NOTE:   MOM_grid.F90, MOM_grid_init: allocating metrics
NOTE: callTree: o returned from diag_mediator_init()
 MOM_Ice_Shelf_in domain decomposition
whalo =    4, ehalo =    4, shalo =    4, nhalo =    4
  X-AXIS =   20
  Y-AXIS =    3
 MOM_Ice_Shelf_inc domain decomposition
whalo =    2, ehalo =    2, shalo =    2, nhalo =    2
  X-AXIS =   10
  Y-AXIS =    1
NOTE:   MOM_grid.F90, MOM_grid_init: allocating metrics
 MOM_Ice_Shelf_in domain decomposition
whalo =    4, ehalo =    4, shalo =    4, nhalo =    4
  X-AXIS =   20
  Y-AXIS =    3
 MOM_Ice_Shelf_in domain decomposition
whalo =    2, ehalo =    2, shalo =    2, nhalo =    2
  X-AXIS =   10
  Y-AXIS =    1
NOTE: callTree: ---> set_grid_metrics(), MOM_grid_initialize.F90
NOTE: callTree:    ---> set_grid_metrics_cartesian(), MOM_grid_initialize.F90
NOTE: callTree:    <--- set_grid_metrics_cartesian()
NOTE: callTree:    ---> set_derived_metrics(), MOM_grid_initialize.F90
NOTE: callTree:    <--- set_derived_metrics()
NOTE: callTree: <--- set_grid_metrics()
NOTE: callTree: ---> initialize_topography_named(), MOM_shared_initialization.F90
NOTE:   MOM_shared_initialization.F90, initialize_topography_named: TOPO_CONFIG = flat
NOTE: callTree: <--- initialize_topography_named()
NOTE: callTree: ---> limit_topography(), MOM_shared_initialization.F90
NOTE: callTree: <--- limit_topography()
NOTE: interpret_eos_selection: equation of state set to "WRIGHT_FULL"
NOTE: MOM_ice_shelf.F90, initialize_ice_shelf: allocating fluxes in solo mode.
NOTE: Initialize_ice_thickness_from_file: reading thickness

WARNING: Previous msg:REENTRANT_X = False             !   [Boolean] default = True


WARNING: New message :REENTRANT_X = False             !   [Boolean] default = False


WARNING: Encountered inconsistent documentation line for parameter REENTRANT_X!


WARNING: Previous msg:REENTRANT_X = False             !   [Boolean] default = True


WARNING: New message :REENTRANT_X = False             !   [Boolean] default = False


WARNING: Encountered inconsistent documentation line for parameter REENTRANT_X!

NOTE:   MOM_ice_shelf_init_profile.F90, initialize_b_c_s_from_file: reading b.c.s

WARNING: Previous msg:ICE_THICKNESS_FILE = "MPM_IC.nc" ! default = "ice_shelf_h.nc"


WARNING: New message :ICE_THICKNESS_FILE = "MPM_IC.nc" ! default = "ice_shelf_thick.nc"


WARNING: Encountered inconsistent documentation line for parameter ICE_THICKNESS_FILE!


WARNING: Previous msg:ICE_THICKNESS_FILE = "MPM_IC.nc" ! default = "ice_shelf_h.nc"


WARNING: New message :ICE_THICKNESS_FILE = "MPM_IC.nc" ! default = "ice_shelf_thick.nc"


WARNING: Encountered inconsistent documentation line for parameter ICE_THICKNESS_FILE!

NOTE:   MOM_ice_shelf_init_profile.F90, initialize_velocity_from_file: reading velocity
NOTE: MPM_init: seeded 240 particles.
NOTE: MOM_ice_shelf_dyn: MPM mode enabled.
NOTE:   MOM_ice_shelf.F90, initialize_ice_shelf: reading SMB parameter
NOTE: callTree: o End of ice shelf initialization.

WARNING: Unused line in MOM_input : DT = 86400.0

NOTE: close_param_file: MOM_input has been closed successfully.
NOTE: close_param_file: MOM_IS_input has been closed successfully.

WARNING: Unused line in MOM_input : DT = 86400.0

NOTE: close_param_file: MOM_IS_dynamic_input has been closed successfully.
NOTE: close_param_file: MOM_override has been closed successfully.

WARNING: open_ASCII_file: File ./CPU_stats opened WRITEONLY already exists!


WARNING: open_ASCII_file: File ./CPU_stats opened WRITEONLY already exists!

NOTE: callTree: loop Main loop, Shelf_driver.F90       1
NOTE: solo_step_ice_shelf:  TIME in ice shelf call, yrs:    0.0000000000000000
NOTE: solo_step_ice_shelf:  Ice model timestep =    31536000.000000000       seconds
NOTE:  ice_shelf_solve_outer: linear solve done in           20  iterations
NOTE:  ice_shelf_solve_outer: nonlinear fractional residual =    1.2005355522948804
NOTE:  ice_shelf_solve_outer: linear solve done in           20  iterations
NOTE:  ice_shelf_solve_outer: nonlinear fractional residual =    1.9042302606228623E-002
NOTE:  ice_shelf_solve_outer: linear solve done in           20  iterations
NOTE:  ice_shelf_solve_outer: nonlinear fractional residual =    1.1372787057925358E-002
NOTE:  ice_shelf_solve_outer: linear solve done in           20  iterations
NOTE:  ice_shelf_solve_outer: nonlinear fractional residual =    8.6709733905197088E-003
NOTE:  ice_shelf_solve_outer: linear solve done in           20  iterations
NOTE:  ice_shelf_solve_outer: nonlinear fractional residual =    8.8854862355761247E-002
NOTE:  ice_shelf_solve_outer: linear solve done in           20  iterations
NOTE:  ice_shelf_solve_outer: nonlinear fractional residual =   0.23468111447675929
NOTE:  ice_shelf_solve_outer: linear solve done in           20  iterations
NOTE:  ice_shelf_solve_outer: nonlinear fractional residual =   0.32903528055597436
NOTE:  ice_shelf_solve_outer: linear solve done in           20  iterations
NOTE:  ice_shelf_solve_outer: nonlinear fractional residual =   0.31683049959150861
NOTE:  ice_shelf_solve_outer: linear solve done in           20  iterations
NOTE:  ice_shelf_solve_outer: nonlinear fractional residual =   0.25273093259602808
NOTE:  ice_shelf_solve_outer: linear solve done in           20  iterations
NOTE:  ice_shelf_solve_outer: nonlinear fractional residual =   0.18468808963180566
NOTE:  ice_shelf_solve_outer: linear solve done in           20  iterations
NOTE:  ice_shelf_solve_outer: nonlinear fractional residual =   0.12943808377395660
NOTE:  ice_shelf_solve_outer: linear solve done in           20  iterations
NOTE:  ice_shelf_solve_outer: nonlinear fractional residual =    8.8811609245409970E-002
NOTE:  ice_shelf_solve_outer: linear solve done in           20  iterations
NOTE:  ice_shelf_solve_outer: nonlinear fractional residual =    6.0240777283816542E-002
NOTE:  ice_shelf_solve_outer: linear solve done in           20  iterations
NOTE:  ice_shelf_solve_outer: nonlinear fractional residual =    4.0593840741786263E-002
NOTE:  ice_shelf_solve_outer: linear solve done in           20  iterations
NOTE:  ice_shelf_solve_outer: nonlinear fractional residual =    2.7247517721811356E-002
NOTE:  ice_shelf_solve_outer: linear solve done in           20  iterations
NOTE:  ice_shelf_solve_outer: nonlinear fractional residual =    1.8244961335988678E-002
NOTE:  ice_shelf_solve_outer: linear solve done in           20  iterations
NOTE:  ice_shelf_solve_outer: nonlinear fractional residual =    1.2198174856469460E-002
NOTE:  ice_shelf_solve_outer: linear solve done in           20  iterations
NOTE:  ice_shelf_solve_outer: nonlinear fractional residual =    8.1474163151962851E-003
NOTE:  ice_shelf_solve_outer: linear solve done in           20  iterations
NOTE:  ice_shelf_solve_outer: nonlinear fractional residual =    5.4383525387123295E-003
NOTE:  ice_shelf_solve_outer: linear solve done in           20  iterations
NOTE:  ice_shelf_solve_outer: nonlinear fractional residual =    3.6285474217747321E-003
NOTE:  ice_shelf_solve_outer: linear solve done in           20  iterations
NOTE:  ice_shelf_solve_outer: nonlinear fractional residual =    2.4203505408201035E-003
NOTE:  ice_shelf_solve_outer: linear solve done in           20  iterations
NOTE:  ice_shelf_solve_outer: nonlinear fractional residual =    1.6141517059464713E-003
NOTE:  ice_shelf_solve_outer: linear solve done in           20  iterations
NOTE:  ice_shelf_solve_outer: nonlinear fractional residual =    1.0763605470532037E-003
NOTE:  ice_shelf_solve_outer: linear solve done in           20  iterations
NOTE:  ice_shelf_solve_outer: nonlinear fractional residual =    7.1768885871300648E-004
NOTE:  ice_shelf_solve_outer: linear solve done in           20  iterations
NOTE:  ice_shelf_solve_outer: nonlinear fractional residual =    4.7851038239855593E-004
NOTE:  ice_shelf_solve_outer: linear solve done in           20  iterations
NOTE:  ice_shelf_solve_outer: nonlinear fractional residual =    3.1902964030219009E-004
NOTE:  ice_shelf_solve_outer: linear solve done in           20  iterations
NOTE:  ice_shelf_solve_outer: nonlinear fractional residual =    2.1269652062275328E-004
NOTE:  ice_shelf_solve_outer: linear solve done in           20  iterations
NOTE:  ice_shelf_solve_outer: nonlinear fractional residual =    1.4180216550705262E-004
NOTE:  ice_shelf_solve_outer: linear solve done in           20  iterations
NOTE:  ice_shelf_solve_outer: nonlinear fractional residual =    9.4536770076549028E-005
NOTE:  ice_shelf_solve_outer: switching to Newton iterations at iter =           29
NOTE:  ice_shelf_solve_outer: nonlinear fractional residual =    9.4536770076549028E-005
NOTE:  ice_shelf_solve_outer: exiting nonlinear solve after           29  iterations

WARNING: open_ASCII_file: File ./ice_shelf.stats opened WRITEONLY already exists!


WARNING: open_ASCII_file: File ./ice_shelf.stats opened WRITEONLY already exists!

NOTE: callTree: <--- Main loop
NOTE: callTree: loop Main loop, Shelf_driver.F90       2
NOTE: solo_step_ice_shelf:  TIME in ice shelf call, yrs:    1.0000000000000000
NOTE: solo_step_ice_shelf:  Ice model timestep =    28813723.727261167       seconds
NOTE:  ice_shelf_solve_outer: linear solve done in           20  iterations
NOTE:  ice_shelf_solve_outer: nonlinear fractional residual =    4.2241608248292407E-003
NOTE:  ice_shelf_solve_outer: linear solve done in           20  iterations
NOTE:  ice_shelf_solve_outer: nonlinear fractional residual =    2.8108868373546204E-003
NOTE:  ice_shelf_solve_outer: linear solve done in           20  iterations
NOTE:  ice_shelf_solve_outer: nonlinear fractional residual =    1.8716007019230127E-003
NOTE:  ice_shelf_solve_outer: linear solve done in           20  iterations
NOTE:  ice_shelf_solve_outer: nonlinear fractional residual =    1.2466998893820155E-003
NOTE:  ice_shelf_solve_outer: linear solve done in           20  iterations
NOTE:  ice_shelf_solve_outer: nonlinear fractional residual =    8.3067342230261061E-004
NOTE:  ice_shelf_solve_outer: linear solve done in           20  iterations
NOTE:  ice_shelf_solve_outer: nonlinear fractional residual =    5.5357781455915773E-004
NOTE:  ice_shelf_solve_outer: linear solve done in           20  iterations
NOTE:  ice_shelf_solve_outer: nonlinear fractional residual =    3.6896097410298441E-004
NOTE:  ice_shelf_solve_outer: linear solve done in           20  iterations
NOTE:  ice_shelf_solve_outer: nonlinear fractional residual =    2.4593357342187389E-004
NOTE:  ice_shelf_solve_outer: linear solve done in           20  iterations
NOTE:  ice_shelf_solve_outer: nonlinear fractional residual =    1.6393775346054229E-004
NOTE:  ice_shelf_solve_outer: linear solve done in           20  iterations
NOTE:  ice_shelf_solve_outer: nonlinear fractional residual =    1.0928385173297013E-004
NOTE:  ice_shelf_solve_outer: linear solve done in           20  iterations
NOTE:  ice_shelf_solve_outer: nonlinear fractional residual =    7.2852352536119668E-005
NOTE:  ice_shelf_solve_outer: switching to Newton iterations at iter =           11
NOTE:  ice_shelf_solve_outer: nonlinear fractional residual =    7.2852352536119668E-005
NOTE:  ice_shelf_solve_outer: exiting nonlinear solve after           11  iterations
NOTE: solo_step_ice_shelf:  Ice model timestep =    2722276.2727388330       seconds
NOTE:  ice_shelf_solve_outer: linear solve done in           20  iterations
NOTE:  ice_shelf_solve_outer: nonlinear fractional residual =    3.8666156640798071E-003
NOTE:  ice_shelf_solve_outer: linear solve done in           20  iterations
NOTE:  ice_shelf_solve_outer: nonlinear fractional residual =    2.5733863501470099E-003
NOTE:  ice_shelf_solve_outer: linear solve done in           20  iterations
NOTE:  ice_shelf_solve_outer: nonlinear fractional residual =    1.7136515428778482E-003
NOTE:  ice_shelf_solve_outer: linear solve done in           20  iterations
NOTE:  ice_shelf_solve_outer: nonlinear fractional residual =    1.1415716225313065E-003
NOTE:  ice_shelf_solve_outer: linear solve done in           20  iterations
NOTE:  ice_shelf_solve_outer: nonlinear fractional residual =    7.6066407156226391E-004
NOTE:  ice_shelf_solve_outer: linear solve done in           20  iterations
NOTE:  ice_shelf_solve_outer: nonlinear fractional residual =    5.0693878794278596E-004
NOTE:  ice_shelf_solve_outer: linear solve done in           20  iterations
NOTE:  ice_shelf_solve_outer: nonlinear fractional residual =    3.3788335207433163E-004
NOTE:  ice_shelf_solve_outer: linear solve done in           20  iterations
NOTE:  ice_shelf_solve_outer: nonlinear fractional residual =    2.2522185529637445E-004
NOTE:  ice_shelf_solve_outer: linear solve done in           20  iterations
NOTE:  ice_shelf_solve_outer: nonlinear fractional residual =    1.5013291826811035E-004
NOTE:  ice_shelf_solve_outer: linear solve done in           20  iterations
NOTE:  ice_shelf_solve_outer: nonlinear fractional residual =    1.0008195152369131E-004
NOTE:  ice_shelf_solve_outer: linear solve done in           20  iterations
NOTE:  ice_shelf_solve_outer: nonlinear fractional residual =    6.6718340565246340E-005
NOTE:  ice_shelf_solve_outer: switching to Newton iterations at iter =           11
NOTE:  ice_shelf_solve_outer: nonlinear fractional residual =    6.6718340565246340E-005
NOTE:  ice_shelf_solve_outer: exiting nonlinear solve after           11  iterations
NOTE: callTree: <--- Main loop
NOTE: callTree: loop Main loop, Shelf_driver.F90       3
NOTE: solo_step_ice_shelf:  TIME in ice shelf call, yrs:    2.0000000000000000
NOTE: solo_step_ice_shelf:  Ice model timestep =    29624263.755685505       seconds
NOTE:  ice_shelf_solve_outer: linear solve done in           20  iterations
NOTE:  ice_shelf_solve_outer: nonlinear fractional residual =    3.9632306206668569E-004
NOTE:  ice_shelf_solve_outer: linear solve done in           20  iterations
NOTE:  ice_shelf_solve_outer: nonlinear fractional residual =    2.6416897466134242E-004
NOTE:  ice_shelf_solve_outer: linear solve done in           20  iterations
NOTE:  ice_shelf_solve_outer: nonlinear fractional residual =    1.7609202459718668E-004
NOTE:  ice_shelf_solve_outer: linear solve done in           20  iterations
NOTE:  ice_shelf_solve_outer: nonlinear fractional residual =    1.1738551545123229E-004
NOTE:  ice_shelf_solve_outer: linear solve done in           20  iterations
NOTE:  ice_shelf_solve_outer: nonlinear fractional residual =    7.8252935548526353E-005
NOTE:  ice_shelf_solve_outer: switching to Newton iterations at iter =            5
NOTE:  ice_shelf_solve_outer: nonlinear fractional residual =    7.8252935548526353E-005
NOTE:  ice_shelf_solve_outer: exiting nonlinear solve after            5  iterations
NOTE: solo_step_ice_shelf:  Ice model timestep =    1911736.2443144955       seconds
NOTE:  ice_shelf_solve_outer: linear solve done in           20  iterations
NOTE:  ice_shelf_solve_outer: nonlinear fractional residual =    3.8792394438968160E-003
NOTE:  ice_shelf_solve_outer: linear solve done in           20  iterations
NOTE:  ice_shelf_solve_outer: nonlinear fractional residual =    2.5816930889403433E-003
NOTE:  ice_shelf_solve_outer: linear solve done in           20  iterations
NOTE:  ice_shelf_solve_outer: nonlinear fractional residual =    1.7191408586653646E-003
NOTE:  ice_shelf_solve_outer: linear solve done in           20  iterations
NOTE:  ice_shelf_solve_outer: nonlinear fractional residual =    1.1452096022303612E-003
NOTE:  ice_shelf_solve_outer: linear solve done in           20  iterations
NOTE:  ice_shelf_solve_outer: nonlinear fractional residual =    7.6307980611854741E-004
NOTE:  ice_shelf_solve_outer: linear solve done in           20  iterations
NOTE:  ice_shelf_solve_outer: nonlinear fractional residual =    5.0854501720160852E-004
NOTE:  ice_shelf_solve_outer: linear solve done in           20  iterations
NOTE:  ice_shelf_solve_outer: nonlinear fractional residual =    3.3895227795078067E-004
NOTE:  ice_shelf_solve_outer: linear solve done in           20  iterations
NOTE:  ice_shelf_solve_outer: nonlinear fractional residual =    2.2593363090532637E-004
NOTE:  ice_shelf_solve_outer: linear solve done in           20  iterations
NOTE:  ice_shelf_solve_outer: nonlinear fractional residual =    1.5060706126901523E-004
NOTE:  ice_shelf_solve_outer: linear solve done in           20  iterations
NOTE:  ice_shelf_solve_outer: nonlinear fractional residual =    1.0039788060144705E-004
NOTE:  ice_shelf_solve_outer: linear solve done in           20  iterations
NOTE:  ice_shelf_solve_outer: nonlinear fractional residual =    6.6928886057882468E-005
NOTE:  ice_shelf_solve_outer: switching to Newton iterations at iter =           11
NOTE:  ice_shelf_solve_outer: nonlinear fractional residual =    6.6928886057882468E-005
NOTE:  ice_shelf_solve_outer: exiting nonlinear solve after           11  iterations
NOTE: callTree: <--- Main loop
NOTE: callTree: loop Main loop, Shelf_driver.F90       4
NOTE: solo_step_ice_shelf:  TIME in ice shelf call, yrs:    3.0000000000000000
NOTE: solo_step_ice_shelf:  Ice model timestep =    30057845.939312022       seconds
NOTE:  ice_shelf_solve_outer: linear solve done in           20  iterations
NOTE:  ice_shelf_solve_outer: nonlinear fractional residual =    2.8542829838681266E-004
NOTE:  ice_shelf_solve_outer: linear solve done in           20  iterations
NOTE:  ice_shelf_solve_outer: nonlinear fractional residual =    1.9026101468815390E-004
NOTE:  ice_shelf_solve_outer: linear solve done in           20  iterations
NOTE:  ice_shelf_solve_outer: nonlinear fractional residual =    1.2682977867051415E-004
NOTE:  ice_shelf_solve_outer: linear solve done in           20  iterations
NOTE:  ice_shelf_solve_outer: nonlinear fractional residual =    8.4548341995918717E-005
NOTE:  ice_shelf_solve_outer: switching to Newton iterations at iter =            4
NOTE:  ice_shelf_solve_outer: nonlinear fractional residual =    8.4548341995918717E-005
NOTE:  ice_shelf_solve_outer: exiting nonlinear solve after            4  iterations
NOTE: solo_step_ice_shelf:  Ice model timestep =    1478154.0606879778       seconds
NOTE:  ice_shelf_solve_outer: linear solve done in           20  iterations
NOTE:  ice_shelf_solve_outer: nonlinear fractional residual =    3.8435599897073181E-003
NOTE:  ice_shelf_solve_outer: linear solve done in           20  iterations
NOTE:  ice_shelf_solve_outer: nonlinear fractional residual =    2.5579083062863689E-003
NOTE:  ice_shelf_solve_outer: linear solve done in           20  iterations
NOTE:  ice_shelf_solve_outer: nonlinear fractional residual =    1.7032851000119808E-003
NOTE:  ice_shelf_solve_outer: linear solve done in           20  iterations
NOTE:  ice_shelf_solve_outer: nonlinear fractional residual =    1.1346394615881772E-003
NOTE:  ice_shelf_solve_outer: linear solve done in           20  iterations
NOTE:  ice_shelf_solve_outer: nonlinear fractional residual =    7.5603321566902249E-004
NOTE:  ice_shelf_solve_outer: linear solve done in           20  iterations
NOTE:  ice_shelf_solve_outer: nonlinear fractional residual =    5.0384736806393879E-004
NOTE:  ice_shelf_solve_outer: linear solve done in           20  iterations
NOTE:  ice_shelf_solve_outer: nonlinear fractional residual =    3.3582054712693731E-004
NOTE:  ice_shelf_solve_outer: linear solve done in           20  iterations
NOTE:  ice_shelf_solve_outer: nonlinear fractional residual =    2.2384582623072362E-004
NOTE:  ice_shelf_solve_outer: linear solve done in           20  iterations
NOTE:  ice_shelf_solve_outer: nonlinear fractional residual =    1.4921519860154394E-004
NOTE:  ice_shelf_solve_outer: linear solve done in           20  iterations
NOTE:  ice_shelf_solve_outer: nonlinear fractional residual =    9.9469975336014500E-005
NOTE:  ice_shelf_solve_outer: switching to Newton iterations at iter =           10
NOTE:  ice_shelf_solve_outer: nonlinear fractional residual =    9.9469975336014500E-005
NOTE:  ice_shelf_solve_outer: exiting nonlinear solve after           10  iterations
NOTE: callTree: <--- Main loop
NOTE: callTree: loop Main loop, Shelf_driver.F90       5
NOTE: solo_step_ice_shelf:  TIME in ice shelf call, yrs:    4.0000000000000000
NOTE: solo_step_ice_shelf:  Ice model timestep =    30480321.392640628       seconds
NOTE:  ice_shelf_solve_outer: linear solve done in           20  iterations
NOTE:  ice_shelf_solve_outer: nonlinear fractional residual =    2.4792906978027984E-004
NOTE:  ice_shelf_solve_outer: linear solve done in           20  iterations
NOTE:  ice_shelf_solve_outer: nonlinear fractional residual =    1.6526721028404032E-004
NOTE:  ice_shelf_solve_outer: linear solve done in           20  iterations
NOTE:  ice_shelf_solve_outer: nonlinear fractional residual =    1.1016976781802796E-004
NOTE:  ice_shelf_solve_outer: linear solve done in           20  iterations
NOTE:  ice_shelf_solve_outer: nonlinear fractional residual =    7.3442790614182947E-005
NOTE:  ice_shelf_solve_outer: switching to Newton iterations at iter =            4
NOTE:  ice_shelf_solve_outer: nonlinear fractional residual =    7.3442790614182947E-005
NOTE:  ice_shelf_solve_outer: exiting nonlinear solve after            4  iterations
NOTE: solo_step_ice_shelf:  Ice model timestep =    1055678.6073593721       seconds
NOTE:  ice_shelf_solve_outer: linear solve done in           20  iterations
NOTE:  ice_shelf_solve_outer: nonlinear fractional residual =    3.7957604252564373E-003
NOTE:  ice_shelf_solve_outer: linear solve done in           20  iterations
NOTE:  ice_shelf_solve_outer: nonlinear fractional residual =    2.5260737662547825E-003
NOTE:  ice_shelf_solve_outer: linear solve done in           20  iterations
NOTE:  ice_shelf_solve_outer: nonlinear fractional residual =    1.6820763348321941E-003
NOTE:  ice_shelf_solve_outer: linear solve done in           20  iterations
NOTE:  ice_shelf_solve_outer: nonlinear fractional residual =    1.1205066564267657E-003
NOTE:  ice_shelf_solve_outer: linear solve done in           20  iterations
NOTE:  ice_shelf_solve_outer: nonlinear fractional residual =    7.4661418721972534E-004
NOTE:  ice_shelf_solve_outer: linear solve done in           20  iterations
NOTE:  ice_shelf_solve_outer: nonlinear fractional residual =    4.9756928163404389E-004
NOTE:  ice_shelf_solve_outer: linear solve done in           20  iterations
NOTE:  ice_shelf_solve_outer: nonlinear fractional residual =    3.3163571964410385E-004
NOTE:  ice_shelf_solve_outer: linear solve done in           20  iterations
NOTE:  ice_shelf_solve_outer: nonlinear fractional residual =    2.2105619192954335E-004
NOTE:  ice_shelf_solve_outer: linear solve done in           20  iterations
NOTE:  ice_shelf_solve_outer: nonlinear fractional residual =    1.4735555389231984E-004
NOTE:  ice_shelf_solve_outer: linear solve done in           20  iterations
NOTE:  ice_shelf_solve_outer: nonlinear fractional residual =    9.8230261771154801E-005
NOTE:  ice_shelf_solve_outer: switching to Newton iterations at iter =           10
NOTE:  ice_shelf_solve_outer: nonlinear fractional residual =    9.8230261771154801E-005
NOTE:  ice_shelf_solve_outer: exiting nonlinear solve after           10  iterations
NOTE: callTree: <--- Main loop
NOTE: callTree: loop Main loop, Shelf_driver.F90       6
NOTE: solo_step_ice_shelf:  TIME in ice shelf call, yrs:    5.0000000000000000
NOTE: solo_step_ice_shelf:  Ice model timestep =    30901274.018788990       seconds
NOTE:  ice_shelf_solve_outer: linear solve done in           20  iterations
NOTE:  ice_shelf_solve_outer: nonlinear fractional residual =    1.9204033560119138E-004
NOTE:  ice_shelf_solve_outer: linear solve done in           20  iterations
NOTE:  ice_shelf_solve_outer: nonlinear fractional residual =    1.2801538600275934E-004
NOTE:  ice_shelf_solve_outer: linear solve done in           20  iterations
NOTE:  ice_shelf_solve_outer: nonlinear fractional residual =    8.5338477274323594E-005
NOTE:  ice_shelf_solve_outer: switching to Newton iterations at iter =            3
NOTE:  ice_shelf_solve_outer: nonlinear fractional residual =    8.5338477274323594E-005
NOTE:  ice_shelf_solve_outer: exiting nonlinear solve after            3  iterations
NOTE: solo_step_ice_shelf:  Ice model timestep =    634725.98121101037       seconds
NOTE:  ice_shelf_solve_outer: linear solve done in           20  iterations
NOTE:  ice_shelf_solve_outer: nonlinear fractional residual =    3.7641904622858465E-003
NOTE:  ice_shelf_solve_outer: linear solve done in           20  iterations
NOTE:  ice_shelf_solve_outer: nonlinear fractional residual =    2.5050235719637120E-003
NOTE:  ice_shelf_solve_outer: linear solve done in           20  iterations
NOTE:  ice_shelf_solve_outer: nonlinear fractional residual =    1.6680413721893367E-003
NOTE:  ice_shelf_solve_outer: linear solve done in           20  iterations
NOTE:  ice_shelf_solve_outer: nonlinear fractional residual =    1.1111493715519191E-003
NOTE:  ice_shelf_solve_outer: linear solve done in           20  iterations
NOTE:  ice_shelf_solve_outer: nonlinear fractional residual =    7.4037571843405198E-004
NOTE:  ice_shelf_solve_outer: linear solve done in           20  iterations
NOTE:  ice_shelf_solve_outer: nonlinear fractional residual =    4.9341018056509695E-004
NOTE:  ice_shelf_solve_outer: linear solve done in           20  iterations
NOTE:  ice_shelf_solve_outer: nonlinear fractional residual =    3.2886293204135921E-004
NOTE:  ice_shelf_solve_outer: linear solve done in           20  iterations
NOTE:  ice_shelf_solve_outer: nonlinear fractional residual =    2.1920764323959022E-004
NOTE:  ice_shelf_solve_outer: linear solve done in           20  iterations
NOTE:  ice_shelf_solve_outer: nonlinear fractional residual =    1.4612317765429745E-004
NOTE:  ice_shelf_solve_outer: linear solve done in           20  iterations
NOTE:  ice_shelf_solve_outer: nonlinear fractional residual =    9.7408672986366911E-005
NOTE:  ice_shelf_solve_outer: switching to Newton iterations at iter =           10
NOTE:  ice_shelf_solve_outer: nonlinear fractional residual =    9.7408672986366911E-005
NOTE:  ice_shelf_solve_outer: exiting nonlinear solve after           10  iterations
NOTE: callTree: <--- Main loop
NOTE: callTree: loop Main loop, Shelf_driver.F90       7
NOTE: solo_step_ice_shelf:  TIME in ice shelf call, yrs:    6.0000000000000000
NOTE: solo_step_ice_shelf:  Ice model timestep =    31318496.659764390       seconds
NOTE:  ice_shelf_solve_outer: linear solve done in           20  iterations
NOTE:  ice_shelf_solve_outer: nonlinear fractional residual =    1.3920631048656786E-004
NOTE:  ice_shelf_solve_outer: linear solve done in           20  iterations
NOTE:  ice_shelf_solve_outer: nonlinear fractional residual =    9.2798054933383785E-005
NOTE:  ice_shelf_solve_outer: switching to Newton iterations at iter =            2
NOTE:  ice_shelf_solve_outer: nonlinear fractional residual =    9.2798054933383785E-005
NOTE:  ice_shelf_solve_outer: exiting nonlinear solve after            2  iterations
NOTE: solo_step_ice_shelf:  Ice model timestep =    217503.34023560956       seconds
NOTE:  ice_shelf_solve_outer: linear solve done in           20  iterations
NOTE:  ice_shelf_solve_outer: nonlinear fractional residual =    3.7706037829395951E-003
NOTE:  ice_shelf_solve_outer: linear solve done in           20  iterations
NOTE:  ice_shelf_solve_outer: nonlinear fractional residual =    2.5092702144628404E-003
NOTE:  ice_shelf_solve_outer: linear solve done in           20  iterations
NOTE:  ice_shelf_solve_outer: nonlinear fractional residual =    1.6708595785640303E-003
NOTE:  ice_shelf_solve_outer: linear solve done in           20  iterations
NOTE:  ice_shelf_solve_outer: nonlinear fractional residual =    1.1130224350735934E-003
NOTE:  ice_shelf_solve_outer: linear solve done in           20  iterations
NOTE:  ice_shelf_solve_outer: nonlinear fractional residual =    7.4162187233166549E-004
NOTE:  ice_shelf_solve_outer: linear solve done in           20  iterations
NOTE:  ice_shelf_solve_outer: nonlinear fractional residual =    4.9423981313301301E-004
NOTE:  ice_shelf_solve_outer: linear solve done in           20  iterations
NOTE:  ice_shelf_solve_outer: nonlinear fractional residual =    3.2941551489908995E-004
NOTE:  ice_shelf_solve_outer: linear solve done in           20  iterations
NOTE:  ice_shelf_solve_outer: nonlinear fractional residual =    2.1957580703967401E-004
NOTE:  ice_shelf_solve_outer: linear solve done in           20  iterations
NOTE:  ice_shelf_solve_outer: nonlinear fractional residual =    1.4636852026068175E-004
NOTE:  ice_shelf_solve_outer: linear solve done in           20  iterations
NOTE:  ice_shelf_solve_outer: nonlinear fractional residual =    9.7572190303515724E-005
NOTE:  ice_shelf_solve_outer: switching to Newton iterations at iter =           10
NOTE:  ice_shelf_solve_outer: nonlinear fractional residual =    9.7572190303515724E-005
NOTE:  ice_shelf_solve_outer: exiting nonlinear solve after           10  iterations
NOTE: callTree: <--- Main loop
NOTE: callTree: loop Main loop, Shelf_driver.F90       8
NOTE: solo_step_ice_shelf:  TIME in ice shelf call, yrs:    7.0000000000000000
NOTE: solo_step_ice_shelf:  Ice model timestep =    31536000.000000000       seconds
NOTE:  ice_shelf_solve_outer: linear solve done in           20  iterations
NOTE:  ice_shelf_solve_outer: nonlinear fractional residual =    8.9889516139153735E-005
NOTE:  ice_shelf_solve_outer: switching to Newton iterations at iter =            1
NOTE:  ice_shelf_solve_outer: nonlinear fractional residual =    8.9889516139153735E-005
NOTE:  ice_shelf_solve_outer: exiting nonlinear solve after            1  iterations
NOTE: callTree: <--- Main loop
NOTE: callTree: loop Main loop, Shelf_driver.F90       9
NOTE: solo_step_ice_shelf:  TIME in ice shelf call, yrs:    8.0000000000000000
NOTE: solo_step_ice_shelf:  Ice model timestep =    31536000.000000000       seconds
NOTE:  ice_shelf_solve_outer: linear solve done in           20  iterations
NOTE:  ice_shelf_solve_outer: nonlinear fractional residual =    3.6666688617713683E-003
NOTE:  ice_shelf_solve_outer: linear solve done in           20  iterations
NOTE:  ice_shelf_solve_outer: nonlinear fractional residual =    2.4400875958875030E-003
NOTE:  ice_shelf_solve_outer: linear solve done in           20  iterations
NOTE:  ice_shelf_solve_outer: nonlinear fractional residual =    1.6247857996916576E-003
NOTE:  ice_shelf_solve_outer: linear solve done in           20  iterations
NOTE:  ice_shelf_solve_outer: nonlinear fractional residual =    1.0823279795214090E-003
NOTE:  ice_shelf_solve_outer: linear solve done in           20  iterations
NOTE:  ice_shelf_solve_outer: nonlinear fractional residual =    7.2116843496821304E-004
NOTE:  ice_shelf_solve_outer: linear solve done in           20  iterations
NOTE:  ice_shelf_solve_outer: nonlinear fractional residual =    4.8060843198868922E-004
NOTE:  ice_shelf_solve_outer: linear solve done in           20  iterations
NOTE:  ice_shelf_solve_outer: nonlinear fractional residual =    3.2032981562225555E-004
NOTE:  ice_shelf_solve_outer: linear solve done in           20  iterations
NOTE:  ice_shelf_solve_outer: nonlinear fractional residual =    2.1351951397032375E-004
NOTE:  ice_shelf_solve_outer: linear solve done in           20  iterations
NOTE:  ice_shelf_solve_outer: nonlinear fractional residual =    1.4233136496291925E-004
NOTE:  ice_shelf_solve_outer: linear solve done in           20  iterations
NOTE:  ice_shelf_solve_outer: nonlinear fractional residual =    9.4880919453934389E-005
NOTE:  ice_shelf_solve_outer: switching to Newton iterations at iter =           10
NOTE:  ice_shelf_solve_outer: nonlinear fractional residual =    9.4880919453934389E-005
NOTE:  ice_shelf_solve_outer: exiting nonlinear solve after           10  iterations
NOTE: callTree: <--- Main loop
NOTE: callTree: loop Main loop, Shelf_driver.F90      10
NOTE: solo_step_ice_shelf:  TIME in ice shelf call, yrs:    9.0000000000000000
NOTE: solo_step_ice_shelf:  Ice model timestep =    31536000.000000000       seconds
NOTE:  ice_shelf_solve_outer: linear solve done in           20  iterations
NOTE:  ice_shelf_solve_outer: nonlinear fractional residual =    3.5881310906157714E-003
NOTE:  ice_shelf_solve_outer: linear solve done in           20  iterations
NOTE:  ice_shelf_solve_outer: nonlinear fractional residual =    2.3878443335834530E-003
NOTE:  ice_shelf_solve_outer: linear solve done in           20  iterations
NOTE:  ice_shelf_solve_outer: nonlinear fractional residual =    1.5900083409415931E-003
NOTE:  ice_shelf_solve_outer: linear solve done in           20  iterations
NOTE:  ice_shelf_solve_outer: nonlinear fractional residual =    1.0591658909523589E-003
NOTE:  ice_shelf_solve_outer: linear solve done in           20  iterations
NOTE:  ice_shelf_solve_outer: nonlinear fractional residual =    7.0573722715188043E-004
NOTE:  ice_shelf_solve_outer: linear solve done in           20  iterations
NOTE:  ice_shelf_solve_outer: nonlinear fractional residual =    4.7032549070209192E-004
NOTE:  ice_shelf_solve_outer: linear solve done in           20  iterations
NOTE:  ice_shelf_solve_outer: nonlinear fractional residual =    3.1347653624615483E-004
NOTE:  ice_shelf_solve_outer: linear solve done in           20  iterations
NOTE:  ice_shelf_solve_outer: nonlinear fractional residual =    2.0895155688714753E-004
NOTE:  ice_shelf_solve_outer: linear solve done in           20  iterations
NOTE:  ice_shelf_solve_outer: nonlinear fractional residual =    1.3928645849638013E-004
NOTE:  ice_shelf_solve_outer: linear solve done in           20  iterations
NOTE:  ice_shelf_solve_outer: nonlinear fractional residual =    9.2851158843181537E-005
NOTE:  ice_shelf_solve_outer: switching to Newton iterations at iter =           10
NOTE:  ice_shelf_solve_outer: nonlinear fractional residual =    9.2851158843181537E-005
NOTE:  ice_shelf_solve_outer: exiting nonlinear solve after           10  iterations
NOTE: callTree: <--- Main loop
NOTE: callTree: loop Main loop, Shelf_driver.F90      11
NOTE: solo_step_ice_shelf:  TIME in ice shelf call, yrs:    10.000000000000000
NOTE: solo_step_ice_shelf:  Ice model timestep =    31536000.000000000       seconds
NOTE:  ice_shelf_solve_outer: linear solve done in           20  iterations
NOTE:  ice_shelf_solve_outer: nonlinear fractional residual =    3.5069635567848909E-003
NOTE:  ice_shelf_solve_outer: linear solve done in           20  iterations
NOTE:  ice_shelf_solve_outer: nonlinear fractional residual =    2.3338554189622422E-003
NOTE:  ice_shelf_solve_outer: linear solve done in           20  iterations
NOTE:  ice_shelf_solve_outer: nonlinear fractional residual =    1.5540704554509548E-003
NOTE:  ice_shelf_solve_outer: linear solve done in           20  iterations
NOTE:  ice_shelf_solve_outer: nonlinear fractional residual =    1.0352316690514368E-003
NOTE:  ice_shelf_solve_outer: linear solve done in           20  iterations
NOTE:  ice_shelf_solve_outer: nonlinear fractional residual =    6.8979192337536579E-004
NOTE:  ice_shelf_solve_outer: linear solve done in           20  iterations
NOTE:  ice_shelf_solve_outer: nonlinear fractional residual =    4.5970011187457331E-004
NOTE:  ice_shelf_solve_outer: linear solve done in           20  iterations
NOTE:  ice_shelf_solve_outer: nonlinear fractional residual =    3.0639509542589608E-004
NOTE:  ice_shelf_solve_outer: linear solve done in           20  iterations
NOTE:  ice_shelf_solve_outer: nonlinear fractional residual =    2.0423155005867309E-004
NOTE:  ice_shelf_solve_outer: linear solve done in           20  iterations
NOTE:  ice_shelf_solve_outer: nonlinear fractional residual =    1.3614021125721588E-004
NOTE:  ice_shelf_solve_outer: linear solve done in           20  iterations
NOTE:  ice_shelf_solve_outer: nonlinear fractional residual =    9.0753849150767310E-005
NOTE:  ice_shelf_solve_outer: switching to Newton iterations at iter =           10
NOTE:  ice_shelf_solve_outer: nonlinear fractional residual =    9.0753849150767310E-005
NOTE:  ice_shelf_solve_outer: exiting nonlinear solve after           10  iterations
NOTE: callTree: <--- Main loop
NOTE: callTree: loop Main loop, Shelf_driver.F90      12
NOTE: solo_step_ice_shelf:  TIME in ice shelf call, yrs:    11.000000000000000
NOTE: solo_step_ice_shelf:  Ice model timestep =    31536000.000000000       seconds
NOTE:  ice_shelf_solve_outer: linear solve done in           20  iterations
NOTE:  ice_shelf_solve_outer: nonlinear fractional residual =    3.4286506496754906E-003
NOTE:  ice_shelf_solve_outer: linear solve done in           20  iterations
NOTE:  ice_shelf_solve_outer: nonlinear fractional residual =    2.2817646644110430E-003
NOTE:  ice_shelf_solve_outer: linear solve done in           20  iterations
NOTE:  ice_shelf_solve_outer: nonlinear fractional residual =    1.5193958096657784E-003
NOTE:  ice_shelf_solve_outer: linear solve done in           20  iterations
NOTE:  ice_shelf_solve_outer: nonlinear fractional residual =    1.0121386255661495E-003
NOTE:  ice_shelf_solve_outer: linear solve done in           20  iterations
NOTE:  ice_shelf_solve_outer: nonlinear fractional residual =    6.7440696801462398E-004
NOTE:  ice_shelf_solve_outer: linear solve done in           20  iterations
NOTE:  ice_shelf_solve_outer: nonlinear fractional residual =    4.4944810404620267E-004
NOTE:  ice_shelf_solve_outer: linear solve done in           20  iterations
NOTE:  ice_shelf_solve_outer: nonlinear fractional residual =    2.9956248202167156E-004
NOTE:  ice_shelf_solve_outer: linear solve done in           20  iterations
NOTE:  ice_shelf_solve_outer: nonlinear fractional residual =    1.9967738966583326E-004
NOTE:  ice_shelf_solve_outer: linear solve done in           20  iterations
NOTE:  ice_shelf_solve_outer: nonlinear fractional residual =    1.3310451118641326E-004
NOTE:  ice_shelf_solve_outer: linear solve done in           20  iterations
NOTE:  ice_shelf_solve_outer: nonlinear fractional residual =    8.8730229957911395E-005
NOTE:  ice_shelf_solve_outer: switching to Newton iterations at iter =           10
NOTE:  ice_shelf_solve_outer: nonlinear fractional residual =    8.8730229957911395E-005
NOTE:  ice_shelf_solve_outer: exiting nonlinear solve after           10  iterations
NOTE: callTree: <--- Main loop
NOTE: callTree: loop Main loop, Shelf_driver.F90      13
NOTE: solo_step_ice_shelf:  TIME in ice shelf call, yrs:    12.000000000000000
NOTE: solo_step_ice_shelf:  Ice model timestep =    31536000.000000000       seconds
NOTE:  ice_shelf_solve_outer: linear solve done in           20  iterations
NOTE:  ice_shelf_solve_outer: nonlinear fractional residual =    3.3531402193036626E-003
NOTE:  ice_shelf_solve_outer: linear solve done in           20  iterations
NOTE:  ice_shelf_solve_outer: nonlinear fractional residual =    2.2315373689523930E-003
NOTE:  ice_shelf_solve_outer: linear solve done in           20  iterations
NOTE:  ice_shelf_solve_outer: nonlinear fractional residual =    1.4859612996132574E-003
NOTE:  ice_shelf_solve_outer: linear solve done in           20  iterations
NOTE:  ice_shelf_solve_outer: nonlinear fractional residual =    9.8987137142889721E-004
NOTE:  ice_shelf_solve_outer: linear solve done in           20  iterations
NOTE:  ice_shelf_solve_outer: nonlinear fractional residual =    6.5957210779842641E-004
NOTE:  ice_shelf_solve_outer: linear solve done in           20  iterations
NOTE:  ice_shelf_solve_outer: nonlinear fractional residual =    4.3956263443864886E-004
NOTE:  ice_shelf_solve_outer: linear solve done in           20  iterations
NOTE:  ice_shelf_solve_outer: nonlinear fractional residual =    2.9297414207068951E-004
NOTE:  ice_shelf_solve_outer: linear solve done in           20  iterations
NOTE:  ice_shelf_solve_outer: nonlinear fractional residual =    1.9528604027837620E-004
NOTE:  ice_shelf_solve_outer: linear solve done in           20  iterations
NOTE:  ice_shelf_solve_outer: nonlinear fractional residual =    1.3017733490655172E-004
NOTE:  ice_shelf_solve_outer: linear solve done in           20  iterations
NOTE:  ice_shelf_solve_outer: nonlinear fractional residual =    8.6778952454708990E-005
NOTE:  ice_shelf_solve_outer: switching to Newton iterations at iter =           10
NOTE:  ice_shelf_solve_outer: nonlinear fractional residual =    8.6778952454708990E-005
NOTE:  ice_shelf_solve_outer: exiting nonlinear solve after           10  iterations
NOTE: callTree: <--- Main loop
NOTE: callTree: loop Main loop, Shelf_driver.F90      14
NOTE: solo_step_ice_shelf:  TIME in ice shelf call, yrs:    13.000000000000000
NOTE: solo_step_ice_shelf:  Ice model timestep =    31536000.000000000       seconds
NOTE:  ice_shelf_solve_outer: linear solve done in           20  iterations
NOTE:  ice_shelf_solve_outer: nonlinear fractional residual =    3.2802925827286541E-003
NOTE:  ice_shelf_solve_outer: linear solve done in           20  iterations
NOTE:  ice_shelf_solve_outer: nonlinear fractional residual =    2.1830806758229371E-003
NOTE:  ice_shelf_solve_outer: linear solve done in           20  iterations
NOTE:  ice_shelf_solve_outer: nonlinear fractional residual =    1.4537051395511482E-003
NOTE:  ice_shelf_solve_outer: linear solve done in           20  iterations
NOTE:  ice_shelf_solve_outer: nonlinear fractional residual =    9.6838876919746260E-004
NOTE:  ice_shelf_solve_outer: linear solve done in           20  iterations
NOTE:  ice_shelf_solve_outer: nonlinear fractional residual =    6.4525994142375451E-004
NOTE:  ice_shelf_solve_outer: linear solve done in           20  iterations
NOTE:  ice_shelf_solve_outer: nonlinear fractional residual =    4.3002544605450475E-004
NOTE:  ice_shelf_solve_outer: linear solve done in           20  iterations
NOTE:  ice_shelf_solve_outer: nonlinear fractional residual =    2.8661790893076201E-004
NOTE:  ice_shelf_solve_outer: linear solve done in           20  iterations
NOTE:  ice_shelf_solve_outer: nonlinear fractional residual =    1.9104939288984804E-004
NOTE:  ice_shelf_solve_outer: linear solve done in           20  iterations
NOTE:  ice_shelf_solve_outer: nonlinear fractional residual =    1.2735327734014596E-004
NOTE:  ice_shelf_solve_outer: linear solve done in           20  iterations
NOTE:  ice_shelf_solve_outer: nonlinear fractional residual =    8.4896413668859836E-005
NOTE:  ice_shelf_solve_outer: switching to Newton iterations at iter =           10
NOTE:  ice_shelf_solve_outer: nonlinear fractional residual =    8.4896413668859836E-005
NOTE:  ice_shelf_solve_outer: exiting nonlinear solve after           10  iterations
NOTE: callTree: <--- Main loop
NOTE: callTree: loop Main loop, Shelf_driver.F90      15
NOTE: solo_step_ice_shelf:  TIME in ice shelf call, yrs:    14.000000000000000
NOTE: solo_step_ice_shelf:  Ice model timestep =    31536000.000000000       seconds
NOTE:  ice_shelf_solve_outer: linear solve done in           20  iterations
NOTE:  ice_shelf_solve_outer: nonlinear fractional residual =    3.2100105044277267E-003
NOTE:  ice_shelf_solve_outer: linear solve done in           20  iterations
NOTE:  ice_shelf_solve_outer: nonlinear fractional residual =    2.1363299229853324E-003
NOTE:  ice_shelf_solve_outer: linear solve done in           20  iterations
NOTE:  ice_shelf_solve_outer: nonlinear fractional residual =    1.4225842940738562E-003
NOTE:  ice_shelf_solve_outer: linear solve done in           20  iterations
NOTE:  ice_shelf_solve_outer: nonlinear fractional residual =    9.4766216110483644E-004
NOTE:  ice_shelf_solve_outer: linear solve done in           20  iterations
NOTE:  ice_shelf_solve_outer: nonlinear fractional residual =    6.3145137822670950E-004
NOTE:  ice_shelf_solve_outer: linear solve done in           20  iterations
NOTE:  ice_shelf_solve_outer: nonlinear fractional residual =    4.2082381825527053E-004
NOTE:  ice_shelf_solve_outer: linear solve done in           20  iterations
NOTE:  ice_shelf_solve_outer: nonlinear fractional residual =    2.8048530505804233E-004
NOTE:  ice_shelf_solve_outer: linear solve done in           20  iterations
NOTE:  ice_shelf_solve_outer: nonlinear fractional residual =    1.8696179708576507E-004
NOTE:  ice_shelf_solve_outer: linear solve done in           20  iterations
NOTE:  ice_shelf_solve_outer: nonlinear fractional residual =    1.2462857211540870E-004
NOTE:  ice_shelf_solve_outer: linear solve done in           20  iterations
NOTE:  ice_shelf_solve_outer: nonlinear fractional residual =    8.3080102939982301E-005
NOTE:  ice_shelf_solve_outer: switching to Newton iterations at iter =           10
NOTE:  ice_shelf_solve_outer: nonlinear fractional residual =    8.3080102939982301E-005
NOTE:  ice_shelf_solve_outer: exiting nonlinear solve after           10  iterations
NOTE: callTree: <--- Main loop
NOTE: callTree: loop Main loop, Shelf_driver.F90      16
NOTE: solo_step_ice_shelf:  TIME in ice shelf call, yrs:    15.000000000000000
NOTE: solo_step_ice_shelf:  Ice model timestep =    31536000.000000000       seconds
NOTE:  ice_shelf_solve_outer: linear solve done in           20  iterations
NOTE:  ice_shelf_solve_outer: nonlinear fractional residual =    3.1420692883359705E-003
NOTE:  ice_shelf_solve_outer: linear solve done in           20  iterations
NOTE:  ice_shelf_solve_outer: nonlinear fractional residual =    2.0911358012698986E-003
NOTE:  ice_shelf_solve_outer: linear solve done in           20  iterations
NOTE:  ice_shelf_solve_outer: nonlinear fractional residual =    1.3924994415875078E-003
NOTE:  ice_shelf_solve_outer: linear solve done in           20  iterations
NOTE:  ice_shelf_solve_outer: nonlinear fractional residual =    9.2762542983776646E-004
NOTE:  ice_shelf_solve_outer: linear solve done in           20  iterations
NOTE:  ice_shelf_solve_outer: nonlinear fractional residual =    6.1810238322019195E-004
NOTE:  ice_shelf_solve_outer: linear solve done in           20  iterations
NOTE:  ice_shelf_solve_outer: nonlinear fractional residual =    4.1192841361631670E-004
NOTE:  ice_shelf_solve_outer: linear solve done in           20  iterations
NOTE:  ice_shelf_solve_outer: nonlinear fractional residual =    2.7455678072492884E-004
NOTE:  ice_shelf_solve_outer: linear solve done in           20  iterations
NOTE:  ice_shelf_solve_outer: nonlinear fractional residual =    1.8301022351726340E-004
NOTE:  ice_shelf_solve_outer: linear solve done in           20  iterations
NOTE:  ice_shelf_solve_outer: nonlinear fractional residual =    1.2199453469195549E-004
NOTE:  ice_shelf_solve_outer: linear solve done in           20  iterations
NOTE:  ice_shelf_solve_outer: nonlinear fractional residual =    8.1324231326065287E-005
NOTE:  ice_shelf_solve_outer: switching to Newton iterations at iter =           10
NOTE:  ice_shelf_solve_outer: nonlinear fractional residual =    8.1324231326065287E-005
NOTE:  ice_shelf_solve_outer: exiting nonlinear solve after           10  iterations
NOTE: callTree: <--- Main loop
NOTE: callTree: loop Main loop, Shelf_driver.F90      17
NOTE: solo_step_ice_shelf:  TIME in ice shelf call, yrs:    16.000000000000000
NOTE: solo_step_ice_shelf:  Ice model timestep =    31536000.000000000       seconds
NOTE:  ice_shelf_solve_outer: linear solve done in           20  iterations
NOTE:  ice_shelf_solve_outer: nonlinear fractional residual =    2.4618104884010640E-003
NOTE:  ice_shelf_solve_outer: linear solve done in           20  iterations
NOTE:  ice_shelf_solve_outer: nonlinear fractional residual =    1.6368543796412231E-003
NOTE:  ice_shelf_solve_outer: linear solve done in           20  iterations
NOTE:  ice_shelf_solve_outer: nonlinear fractional residual =    1.0893013396905758E-003
NOTE:  ice_shelf_solve_outer: linear solve done in           20  iterations
NOTE:  ice_shelf_solve_outer: nonlinear fractional residual =    7.2534081180031251E-004
NOTE:  ice_shelf_solve_outer: linear solve done in           20  iterations
NOTE:  ice_shelf_solve_outer: nonlinear fractional residual =    4.8317824818244152E-004
NOTE:  ice_shelf_solve_outer: linear solve done in           20  iterations
NOTE:  ice_shelf_solve_outer: nonlinear fractional residual =    3.2194891401490593E-004
NOTE:  ice_shelf_solve_outer: linear solve done in           20  iterations
NOTE:  ice_shelf_solve_outer: nonlinear fractional residual =    2.1455708722578870E-004
NOTE:  ice_shelf_solve_outer: linear solve done in           20  iterations
NOTE:  ice_shelf_solve_outer: nonlinear fractional residual =    1.4300449189444717E-004
NOTE:  ice_shelf_solve_outer: linear solve done in           20  iterations
NOTE:  ice_shelf_solve_outer: nonlinear fractional residual =    9.5321409337359613E-005
NOTE:  ice_shelf_solve_outer: switching to Newton iterations at iter =            9
NOTE:  ice_shelf_solve_outer: nonlinear fractional residual =    9.5321409337359613E-005
NOTE:  ice_shelf_solve_outer: exiting nonlinear solve after            9  iterations
NOTE: callTree: <--- Main loop
NOTE: callTree: loop Main loop, Shelf_driver.F90      18
NOTE: solo_step_ice_shelf:  TIME in ice shelf call, yrs:    17.000000000000000
NOTE: solo_step_ice_shelf:  Ice model timestep =    31536000.000000000       seconds
NOTE:  ice_shelf_solve_outer: linear solve done in           20  iterations
NOTE:  ice_shelf_solve_outer: nonlinear fractional residual =    3.0310880607673975E-003
NOTE:  ice_shelf_solve_outer: linear solve done in           20  iterations
NOTE:  ice_shelf_solve_outer: nonlinear fractional residual =    2.0172926430013032E-003
NOTE:  ice_shelf_solve_outer: linear solve done in           20  iterations
NOTE:  ice_shelf_solve_outer: nonlinear fractional residual =    1.3433349970601925E-003
NOTE:  ice_shelf_solve_outer: linear solve done in           20  iterations
NOTE:  ice_shelf_solve_outer: nonlinear fractional residual =    8.9487777739063643E-004
NOTE:  ice_shelf_solve_outer: linear solve done in           20  iterations
NOTE:  ice_shelf_solve_outer: nonlinear fractional residual =    5.9628336145691320E-004
NOTE:  ice_shelf_solve_outer: linear solve done in           20  iterations
NOTE:  ice_shelf_solve_outer: nonlinear fractional residual =    3.9738806893818571E-004
NOTE:  ice_shelf_solve_outer: linear solve done in           20  iterations
NOTE:  ice_shelf_solve_outer: nonlinear fractional residual =    2.6486573892415660E-004
NOTE:  ice_shelf_solve_outer: linear solve done in           20  iterations
NOTE:  ice_shelf_solve_outer: nonlinear fractional residual =    1.7655064998166003E-004
NOTE:  ice_shelf_solve_outer: linear solve done in           20  iterations
NOTE:  ice_shelf_solve_outer: nonlinear fractional residual =    1.1768865067841356E-004
NOTE:  ice_shelf_solve_outer: linear solve done in           20  iterations
NOTE:  ice_shelf_solve_outer: nonlinear fractional residual =    7.8453863505242925E-005
NOTE:  ice_shelf_solve_outer: switching to Newton iterations at iter =           10
NOTE:  ice_shelf_solve_outer: nonlinear fractional residual =    7.8453863505242925E-005
NOTE:  ice_shelf_solve_outer: exiting nonlinear solve after           10  iterations
NOTE: callTree: <--- Main loop
NOTE: callTree: loop Main loop, Shelf_driver.F90      19
NOTE: solo_step_ice_shelf:  TIME in ice shelf call, yrs:    18.000000000000000
NOTE: solo_step_ice_shelf:  Ice model timestep =    31536000.000000000       seconds
NOTE:  ice_shelf_solve_outer: linear solve done in           20  iterations
NOTE:  ice_shelf_solve_outer: nonlinear fractional residual =    2.9933658490020392E-003
NOTE:  ice_shelf_solve_outer: linear solve done in           20  iterations
NOTE:  ice_shelf_solve_outer: nonlinear fractional residual =    1.9922557324836450E-003
NOTE:  ice_shelf_solve_outer: linear solve done in           20  iterations
NOTE:  ice_shelf_solve_outer: nonlinear fractional residual =    1.3266931586470669E-003
NOTE:  ice_shelf_solve_outer: linear solve done in           20  iterations
NOTE:  ice_shelf_solve_outer: nonlinear fractional residual =    8.8380518929808240E-004
NOTE:  ice_shelf_solve_outer: linear solve done in           20  iterations
NOTE:  ice_shelf_solve_outer: nonlinear fractional residual =    5.8891140072975538E-004
NOTE:  ice_shelf_solve_outer: linear solve done in           20  iterations
NOTE:  ice_shelf_solve_outer: nonlinear fractional residual =    3.9247776825369099E-004
NOTE:  ice_shelf_solve_outer: linear solve done in           20  iterations
NOTE:  ice_shelf_solve_outer: nonlinear fractional residual =    2.6159413391636853E-004
NOTE:  ice_shelf_solve_outer: linear solve done in           20  iterations
NOTE:  ice_shelf_solve_outer: nonlinear fractional residual =    1.7437043720777278E-004
NOTE:  ice_shelf_solve_outer: linear solve done in           20  iterations
NOTE:  ice_shelf_solve_outer: nonlinear fractional residual =    1.1623555648490251E-004
NOTE:  ice_shelf_solve_outer: linear solve done in           20  iterations
NOTE:  ice_shelf_solve_outer: nonlinear fractional residual =    7.7485303372202096E-005
NOTE:  ice_shelf_solve_outer: switching to Newton iterations at iter =           10
NOTE:  ice_shelf_solve_outer: nonlinear fractional residual =    7.7485303372202096E-005
NOTE:  ice_shelf_solve_outer: exiting nonlinear solve after           10  iterations
NOTE: callTree: <--- Main loop
NOTE: callTree: loop Main loop, Shelf_driver.F90      20
NOTE: solo_step_ice_shelf:  TIME in ice shelf call, yrs:    19.000000000000000
NOTE: solo_step_ice_shelf:  Ice model timestep =    31536000.000000000       seconds
NOTE:  ice_shelf_solve_outer: linear solve done in           20  iterations
NOTE:  ice_shelf_solve_outer: nonlinear fractional residual =    2.8994067400997877E-003
NOTE:  ice_shelf_solve_outer: linear solve done in           20  iterations
NOTE:  ice_shelf_solve_outer: nonlinear fractional residual =    1.9297246787496301E-003
NOTE:  ice_shelf_solve_outer: linear solve done in           20  iterations
NOTE:  ice_shelf_solve_outer: nonlinear fractional residual =    1.2850541074351869E-003
NOTE:  ice_shelf_solve_outer: linear solve done in           20  iterations
NOTE:  ice_shelf_solve_outer: nonlinear fractional residual =    8.5606734415273589E-004
NOTE:  ice_shelf_solve_outer: linear solve done in           20  iterations
NOTE:  ice_shelf_solve_outer: nonlinear fractional residual =    5.7042908354880742E-004
NOTE:  ice_shelf_solve_outer: linear solve done in           20  iterations
NOTE:  ice_shelf_solve_outer: nonlinear fractional residual =    3.8016048523130028E-004
NOTE:  ice_shelf_solve_outer: linear solve done in           20  iterations
NOTE:  ice_shelf_solve_outer: nonlinear fractional residual =    2.5338450725460832E-004
NOTE:  ice_shelf_solve_outer: linear solve done in           20  iterations
NOTE:  ice_shelf_solve_outer: nonlinear fractional residual =    1.6889819551135687E-004
NOTE:  ice_shelf_solve_outer: linear solve done in           20  iterations
NOTE:  ice_shelf_solve_outer: nonlinear fractional residual =    1.1258777001613516E-004
NOTE:  ice_shelf_solve_outer: linear solve done in           20  iterations
NOTE:  ice_shelf_solve_outer: nonlinear fractional residual =    7.5053612274341986E-005
NOTE:  ice_shelf_solve_outer: switching to Newton iterations at iter =           10
NOTE:  ice_shelf_solve_outer: nonlinear fractional residual =    7.5053612274341986E-005
NOTE:  ice_shelf_solve_outer: exiting nonlinear solve after           10  iterations
NOTE: callTree: <--- Main loop
NOTE: callTree: loop Main loop, Shelf_driver.F90      21
NOTE: solo_step_ice_shelf:  TIME in ice shelf call, yrs:    20.000000000000000
NOTE: solo_step_ice_shelf:  Ice model timestep =    31536000.000000000       seconds
NOTE:  ice_shelf_solve_outer: linear solve done in           20  iterations
NOTE:  ice_shelf_solve_outer: nonlinear fractional residual =    2.8412123954996969E-003
NOTE:  ice_shelf_solve_outer: linear solve done in           20  iterations
NOTE:  ice_shelf_solve_outer: nonlinear fractional residual =    1.8910110250010697E-003
NOTE:  ice_shelf_solve_outer: linear solve done in           20  iterations
NOTE:  ice_shelf_solve_outer: nonlinear fractional residual =    1.2592817817428520E-003
NOTE:  ice_shelf_solve_outer: linear solve done in           20  iterations
NOTE:  ice_shelf_solve_outer: nonlinear fractional residual =    8.3890216144890718E-004
NOTE:  ice_shelf_solve_outer: linear solve done in           20  iterations
NOTE:  ice_shelf_solve_outer: nonlinear fractional residual =    5.5899290961742784E-004
NOTE:  ice_shelf_solve_outer: linear solve done in           20  iterations
NOTE:  ice_shelf_solve_outer: nonlinear fractional residual =    3.7253960733257347E-004
NOTE:  ice_shelf_solve_outer: linear solve done in           20  iterations
NOTE:  ice_shelf_solve_outer: nonlinear fractional residual =    2.4830536170621477E-004
NOTE:  ice_shelf_solve_outer: linear solve done in           20  iterations
NOTE:  ice_shelf_solve_outer: nonlinear fractional residual =    1.6551273852525667E-004
NOTE:  ice_shelf_solve_outer: linear solve done in           20  iterations
NOTE:  ice_shelf_solve_outer: nonlinear fractional residual =    1.1033108320835053E-004
NOTE:  ice_shelf_solve_outer: linear solve done in           20  iterations
NOTE:  ice_shelf_solve_outer: nonlinear fractional residual =    7.3549280868444357E-005
NOTE:  ice_shelf_solve_outer: switching to Newton iterations at iter =           10
NOTE:  ice_shelf_solve_outer: nonlinear fractional residual =    7.3549280868444357E-005
NOTE:  ice_shelf_solve_outer: exiting nonlinear solve after           10  iterations
NOTE: callTree: <--- Main loop
NOTE: callTree: loop Main loop, Shelf_driver.F90      22
NOTE: solo_step_ice_shelf:  TIME in ice shelf call, yrs:    21.000000000000000
NOTE: solo_step_ice_shelf:  Ice model timestep =    31536000.000000000       seconds
NOTE:  ice_shelf_solve_outer: linear solve done in           20  iterations
NOTE:  ice_shelf_solve_outer: nonlinear fractional residual =    2.6488132693547211E-003
NOTE:  ice_shelf_solve_outer: linear solve done in           20  iterations
NOTE:  ice_shelf_solve_outer: nonlinear fractional residual =    1.7619988666492900E-003
NOTE:  ice_shelf_solve_outer: linear solve done in           20  iterations
NOTE:  ice_shelf_solve_outer: nonlinear fractional residual =    1.1729428159882810E-003
NOTE:  ice_shelf_solve_outer: linear solve done in           20  iterations
NOTE:  ice_shelf_solve_outer: nonlinear fractional residual =    7.8119601881425436E-004
NOTE:  ice_shelf_solve_outer: linear solve done in           20  iterations
NOTE:  ice_shelf_solve_outer: nonlinear fractional residual =    5.2045695358793136E-004
NOTE:  ice_shelf_solve_outer: linear solve done in           20  iterations
NOTE:  ice_shelf_solve_outer: nonlinear fractional residual =    3.4682001388361026E-004
NOTE:  ice_shelf_solve_outer: linear solve done in           20  iterations
NOTE:  ice_shelf_solve_outer: nonlinear fractional residual =    2.3114610237525806E-004
NOTE:  ice_shelf_solve_outer: linear solve done in           20  iterations
NOTE:  ice_shelf_solve_outer: nonlinear fractional residual =    1.5406751678954852E-004
NOTE:  ice_shelf_solve_outer: linear solve done in           20  iterations
NOTE:  ice_shelf_solve_outer: nonlinear fractional residual =    1.0269839565444590E-004
NOTE:  ice_shelf_solve_outer: linear solve done in           20  iterations
NOTE:  ice_shelf_solve_outer: nonlinear fractional residual =    6.8459693879035328E-005
NOTE:  ice_shelf_solve_outer: switching to Newton iterations at iter =           10
NOTE:  ice_shelf_solve_outer: nonlinear fractional residual =    6.8459693879035328E-005
NOTE:  ice_shelf_solve_outer: exiting nonlinear solve after           10  iterations
NOTE: callTree: <--- Main loop
NOTE: callTree: loop Main loop, Shelf_driver.F90      23
NOTE: solo_step_ice_shelf:  TIME in ice shelf call, yrs:    22.000000000000000
NOTE: solo_step_ice_shelf:  Ice model timestep =    31536000.000000000       seconds
NOTE:  ice_shelf_solve_outer: linear solve done in           20  iterations
NOTE:  ice_shelf_solve_outer: nonlinear fractional residual =    2.7289006372216333E-003
NOTE:  ice_shelf_solve_outer: linear solve done in           20  iterations
NOTE:  ice_shelf_solve_outer: nonlinear fractional residual =    1.8163012251598324E-003
NOTE:  ice_shelf_solve_outer: linear solve done in           20  iterations
NOTE:  ice_shelf_solve_outer: nonlinear fractional residual =    1.2095485858757103E-003
NOTE:  ice_shelf_solve_outer: linear solve done in           20  iterations
NOTE:  ice_shelf_solve_outer: nonlinear fractional residual =    8.0577933164223143E-004
NOTE:  ice_shelf_solve_outer: linear solve done in           20  iterations
NOTE:  ice_shelf_solve_outer: nonlinear fractional residual =    5.3692553885006998E-004
NOTE:  ice_shelf_solve_outer: linear solve done in           20  iterations
NOTE:  ice_shelf_solve_outer: nonlinear fractional residual =    3.5783448173956807E-004
NOTE:  ice_shelf_solve_outer: linear solve done in           20  iterations
NOTE:  ice_shelf_solve_outer: nonlinear fractional residual =    2.3850481452140150E-004
NOTE:  ice_shelf_solve_outer: linear solve done in           20  iterations
NOTE:  ice_shelf_solve_outer: nonlinear fractional residual =    1.5898031620673118E-004
NOTE:  ice_shelf_solve_outer: linear solve done in           20  iterations
NOTE:  ice_shelf_solve_outer: nonlinear fractional residual =    1.0597670211015154E-004
NOTE:  ice_shelf_solve_outer: linear solve done in           20  iterations
NOTE:  ice_shelf_solve_outer: nonlinear fractional residual =    7.0646612213533803E-005
NOTE:  ice_shelf_solve_outer: switching to Newton iterations at iter =           10
NOTE:  ice_shelf_solve_outer: nonlinear fractional residual =    7.0646612213533803E-005
NOTE:  ice_shelf_solve_outer: exiting nonlinear solve after           10  iterations
NOTE: callTree: <--- Main loop
NOTE: callTree: loop Main loop, Shelf_driver.F90      24
NOTE: solo_step_ice_shelf:  TIME in ice shelf call, yrs:    23.000000000000000
NOTE: solo_step_ice_shelf:  Ice model timestep =    31536000.000000000       seconds
NOTE:  ice_shelf_solve_outer: linear solve done in           20  iterations
NOTE:  ice_shelf_solve_outer: nonlinear fractional residual =    2.6788979364178330E-003
NOTE:  ice_shelf_solve_outer: linear solve done in           20  iterations
NOTE:  ice_shelf_solve_outer: nonlinear fractional residual =    1.7830358370004194E-003
NOTE:  ice_shelf_solve_outer: linear solve done in           20  iterations
NOTE:  ice_shelf_solve_outer: nonlinear fractional residual =    1.1874027157782552E-003
NOTE:  ice_shelf_solve_outer: linear solve done in           20  iterations
NOTE:  ice_shelf_solve_outer: nonlinear fractional residual =    7.9102923748492881E-004
NOTE:  ice_shelf_solve_outer: linear solve done in           20  iterations
NOTE:  ice_shelf_solve_outer: nonlinear fractional residual =    5.2709828960888422E-004
NOTE:  ice_shelf_solve_outer: linear solve done in           20  iterations
NOTE:  ice_shelf_solve_outer: nonlinear fractional residual =    3.5128571565589528E-004
NOTE:  ice_shelf_solve_outer: linear solve done in           20  iterations
NOTE:  ice_shelf_solve_outer: nonlinear fractional residual =    2.3414018575024863E-004
NOTE:  ice_shelf_solve_outer: linear solve done in           20  iterations
NOTE:  ice_shelf_solve_outer: nonlinear fractional residual =    1.5607110394780409E-004
NOTE:  ice_shelf_solve_outer: linear solve done in           20  iterations
NOTE:  ice_shelf_solve_outer: nonlinear fractional residual =    1.0403746742204525E-004
NOTE:  ice_shelf_solve_outer: linear solve done in           20  iterations
NOTE:  ice_shelf_solve_outer: nonlinear fractional residual =    6.9353895834199883E-005
NOTE:  ice_shelf_solve_outer: switching to Newton iterations at iter =           10
NOTE:  ice_shelf_solve_outer: nonlinear fractional residual =    6.9353895834199883E-005
NOTE:  ice_shelf_solve_outer: exiting nonlinear solve after           10  iterations
NOTE: callTree: <--- Main loop
NOTE: callTree: loop Main loop, Shelf_driver.F90      25
NOTE: solo_step_ice_shelf:  TIME in ice shelf call, yrs:    24.000000000000000
NOTE: solo_step_ice_shelf:  Ice model timestep =    31536000.000000000       seconds
NOTE:  ice_shelf_solve_outer: linear solve done in           20  iterations
NOTE:  ice_shelf_solve_outer: nonlinear fractional residual =    3.0382120715786651E-003
NOTE:  ice_shelf_solve_outer: linear solve done in           20  iterations
NOTE:  ice_shelf_solve_outer: nonlinear fractional residual =    2.0215254310808669E-003
NOTE:  ice_shelf_solve_outer: linear solve done in           20  iterations
NOTE:  ice_shelf_solve_outer: nonlinear fractional residual =    1.3459282268542126E-003
NOTE:  ice_shelf_solve_outer: linear solve done in           20  iterations
NOTE:  ice_shelf_solve_outer: nonlinear fractional residual =    8.9650526559960624E-004
NOTE:  ice_shelf_solve_outer: linear solve done in           20  iterations
NOTE:  ice_shelf_solve_outer: nonlinear fractional residual =    5.9732340057190190E-004
NOTE:  ice_shelf_solve_outer: linear solve done in           20  iterations
NOTE:  ice_shelf_solve_outer: nonlinear fractional residual =    3.9806147388851226E-004
NOTE:  ice_shelf_solve_outer: linear solve done in           20  iterations
NOTE:  ice_shelf_solve_outer: nonlinear fractional residual =    2.6530581421368483E-004
NOTE:  ice_shelf_solve_outer: linear solve done in           20  iterations
NOTE:  ice_shelf_solve_outer: nonlinear fractional residual =    1.7684009729706696E-004
NOTE:  ice_shelf_solve_outer: linear solve done in           20  iterations
NOTE:  ice_shelf_solve_outer: nonlinear fractional residual =    1.1787986676938608E-004
NOTE:  ice_shelf_solve_outer: linear solve done in           20  iterations
NOTE:  ice_shelf_solve_outer: nonlinear fractional residual =    7.8580563851506199E-005
NOTE:  ice_shelf_solve_outer: switching to Newton iterations at iter =           10
NOTE:  ice_shelf_solve_outer: nonlinear fractional residual =    7.8580563851506199E-005
NOTE:  ice_shelf_solve_outer: exiting nonlinear solve after           10  iterations
NOTE: callTree: <--- Main loop
NOTE: callTree: loop Main loop, Shelf_driver.F90      26
NOTE: solo_step_ice_shelf:  TIME in ice shelf call, yrs:    25.000000000000000
NOTE: solo_step_ice_shelf:  Ice model timestep =    31536000.000000000       seconds
NOTE:  ice_shelf_solve_outer: linear solve done in           20  iterations
NOTE:  ice_shelf_solve_outer: nonlinear fractional residual =    2.5814907343639478E-003
NOTE:  ice_shelf_solve_outer: linear solve done in           20  iterations
NOTE:  ice_shelf_solve_outer: nonlinear fractional residual =    1.7182290149433080E-003
NOTE:  ice_shelf_solve_outer: linear solve done in           20  iterations
NOTE:  ice_shelf_solve_outer: nonlinear fractional residual =    1.1442566349762365E-003
NOTE:  ice_shelf_solve_outer: linear solve done in           20  iterations
NOTE:  ice_shelf_solve_outer: nonlinear fractional residual =    7.6229120030569478E-004
NOTE:  ice_shelf_solve_outer: linear solve done in           20  iterations
NOTE:  ice_shelf_solve_outer: nonlinear fractional residual =    5.0795117035434139E-004
NOTE:  ice_shelf_solve_outer: linear solve done in           20  iterations
NOTE:  ice_shelf_solve_outer: nonlinear fractional residual =    3.3852611541219013E-004
NOTE:  ice_shelf_solve_outer: linear solve done in           20  iterations
NOTE:  ice_shelf_solve_outer: nonlinear fractional residual =    2.2563607347243395E-004
NOTE:  ice_shelf_solve_outer: linear solve done in           20  iterations
NOTE:  ice_shelf_solve_outer: nonlinear fractional residual =    1.5040271283950295E-004
NOTE:  ice_shelf_solve_outer: linear solve done in           20  iterations
NOTE:  ice_shelf_solve_outer: nonlinear fractional residual =    1.0025899212167090E-004
NOTE:  ice_shelf_solve_outer: linear solve done in           21  iterations
NOTE:  ice_shelf_solve_outer: nonlinear fractional residual =    6.6835113261783747E-005
NOTE:  ice_shelf_solve_outer: switching to Newton iterations at iter =           10
NOTE:  ice_shelf_solve_outer: nonlinear fractional residual =    6.6835113261783747E-005
NOTE:  ice_shelf_solve_outer: exiting nonlinear solve after           10  iterations
NOTE: callTree: <--- Main loop
NOTE: callTree: loop Main loop, Shelf_driver.F90      27
NOTE: solo_step_ice_shelf:  TIME in ice shelf call, yrs:    26.000000000000000
NOTE: solo_step_ice_shelf:  Ice model timestep =    31536000.000000000       seconds
NOTE:  ice_shelf_solve_outer: linear solve done in           20  iterations
NOTE:  ice_shelf_solve_outer: nonlinear fractional residual =    2.5267707621101630E-003
NOTE:  ice_shelf_solve_outer: linear solve done in           20  iterations
NOTE:  ice_shelf_solve_outer: nonlinear fractional residual =    1.6818232277362826E-003
NOTE:  ice_shelf_solve_outer: linear solve done in           20  iterations
NOTE:  ice_shelf_solve_outer: nonlinear fractional residual =    1.1200191446511763E-003
NOTE:  ice_shelf_solve_outer: linear solve done in           20  iterations
NOTE:  ice_shelf_solve_outer: nonlinear fractional residual =    7.4614757286767209E-004
NOTE:  ice_shelf_solve_outer: linear solve done in           20  iterations
NOTE:  ice_shelf_solve_outer: nonlinear fractional residual =    4.9719529030524455E-004
NOTE:  ice_shelf_solve_outer: linear solve done in           20  iterations
NOTE:  ice_shelf_solve_outer: nonlinear fractional residual =    3.3135843612055912E-004
NOTE:  ice_shelf_solve_outer: linear solve done in           20  iterations
NOTE:  ice_shelf_solve_outer: nonlinear fractional residual =    2.2085891324434318E-004
NOTE:  ice_shelf_solve_outer: linear solve done in           20  iterations
NOTE:  ice_shelf_solve_outer: nonlinear fractional residual =    1.4721851398946995E-004
NOTE:  ice_shelf_solve_outer: linear solve done in           20  iterations
NOTE:  ice_shelf_solve_outer: nonlinear fractional residual =    9.8136448322179995E-005
NOTE:  ice_shelf_solve_outer: switching to Newton iterations at iter =            9
NOTE:  ice_shelf_solve_outer: nonlinear fractional residual =    9.8136448322179995E-005
NOTE:  ice_shelf_solve_outer: exiting nonlinear solve after            9  iterations
NOTE: callTree: <--- Main loop
NOTE: callTree: loop Main loop, Shelf_driver.F90      28
NOTE: solo_step_ice_shelf:  TIME in ice shelf call, yrs:    27.000000000000000
NOTE: solo_step_ice_shelf:  Ice model timestep =    31536000.000000000       seconds
NOTE:  ice_shelf_solve_outer: linear solve done in           20  iterations
NOTE:  ice_shelf_solve_outer: nonlinear fractional residual =    2.4917273997413967E-003
NOTE:  ice_shelf_solve_outer: linear solve done in           20  iterations
NOTE:  ice_shelf_solve_outer: nonlinear fractional residual =    1.6585032904536362E-003
NOTE:  ice_shelf_solve_outer: linear solve done in           20  iterations
NOTE:  ice_shelf_solve_outer: nonlinear fractional residual =    1.1044913601813056E-003
NOTE:  ice_shelf_solve_outer: linear solve done in           20  iterations
NOTE:  ice_shelf_solve_outer: nonlinear fractional residual =    7.3580410141121629E-004
NOTE:  ice_shelf_solve_outer: linear solve done in           20  iterations
NOTE:  ice_shelf_solve_outer: nonlinear fractional residual =    4.9030337262057088E-004
NOTE:  ice_shelf_solve_outer: linear solve done in           20  iterations
NOTE:  ice_shelf_solve_outer: nonlinear fractional residual =    3.2676548308046920E-004
NOTE:  ice_shelf_solve_outer: linear solve done in           20  iterations
NOTE:  ice_shelf_solve_outer: nonlinear fractional residual =    2.1779768206538338E-004
NOTE:  ice_shelf_solve_outer: linear solve done in           20  iterations
NOTE:  ice_shelf_solve_outer: nonlinear fractional residual =    1.4517802107555876E-004
NOTE:  ice_shelf_solve_outer: linear solve done in           20  iterations
NOTE:  ice_shelf_solve_outer: nonlinear fractional residual =    9.6776265458947179E-005
NOTE:  ice_shelf_solve_outer: switching to Newton iterations at iter =            9
NOTE:  ice_shelf_solve_outer: nonlinear fractional residual =    9.6776265458947179E-005
NOTE:  ice_shelf_solve_outer: exiting nonlinear solve after            9  iterations
NOTE: callTree: <--- Main loop
NOTE: callTree: loop Main loop, Shelf_driver.F90      29
NOTE: solo_step_ice_shelf:  TIME in ice shelf call, yrs:    28.000000000000000
NOTE: solo_step_ice_shelf:  Ice model timestep =    31536000.000000000       seconds
NOTE:  ice_shelf_solve_outer: linear solve done in           20  iterations
NOTE:  ice_shelf_solve_outer: nonlinear fractional residual =    2.4576609479426696E-003
NOTE:  ice_shelf_solve_outer: linear solve done in           20  iterations
NOTE:  ice_shelf_solve_outer: nonlinear fractional residual =    1.6358292728489642E-003
NOTE:  ice_shelf_solve_outer: linear solve done in           20  iterations
NOTE:  ice_shelf_solve_outer: nonlinear fractional residual =    1.0893918080864858E-003
NOTE:  ice_shelf_solve_outer: linear solve done in           20  iterations
NOTE:  ice_shelf_solve_outer: nonlinear fractional residual =    7.2574505975139955E-004
NOTE:  ice_shelf_solve_outer: linear solve done in           20  iterations
NOTE:  ice_shelf_solve_outer: nonlinear fractional residual =    4.8360060427978251E-004
NOTE:  ice_shelf_solve_outer: linear solve done in           20  iterations
NOTE:  ice_shelf_solve_outer: nonlinear fractional residual =    3.2229842045221791E-004
NOTE:  ice_shelf_solve_outer: linear solve done in           20  iterations
NOTE:  ice_shelf_solve_outer: nonlinear fractional residual =    2.1482028486492012E-004
NOTE:  ice_shelf_solve_outer: linear solve done in           21  iterations
NOTE:  ice_shelf_solve_outer: nonlinear fractional residual =    1.4319337615578855E-004
NOTE:  ice_shelf_solve_outer: linear solve done in           20  iterations
NOTE:  ice_shelf_solve_outer: nonlinear fractional residual =    9.5453296195943378E-005
NOTE:  ice_shelf_solve_outer: switching to Newton iterations at iter =            9
NOTE:  ice_shelf_solve_outer: nonlinear fractional residual =    9.5453296195943378E-005
NOTE:  ice_shelf_solve_outer: exiting nonlinear solve after            9  iterations
NOTE: callTree: <--- Main loop
NOTE: callTree: loop Main loop, Shelf_driver.F90      30
NOTE: solo_step_ice_shelf:  TIME in ice shelf call, yrs:    29.000000000000000
NOTE: solo_step_ice_shelf:  Ice model timestep =    31536000.000000000       seconds
NOTE:  ice_shelf_solve_outer: linear solve done in           20  iterations
NOTE:  ice_shelf_solve_outer: nonlinear fractional residual =    2.4138862219351652E-003
NOTE:  ice_shelf_solve_outer: linear solve done in           20  iterations
NOTE:  ice_shelf_solve_outer: nonlinear fractional residual =    1.6067062677855655E-003
NOTE:  ice_shelf_solve_outer: linear solve done in           20  iterations
NOTE:  ice_shelf_solve_outer: nonlinear fractional residual =    1.0700032431800275E-003
NOTE:  ice_shelf_solve_outer: linear solve done in           20  iterations
NOTE:  ice_shelf_solve_outer: nonlinear fractional residual =    7.1283126028291147E-004
NOTE:  ice_shelf_solve_outer: linear solve done in           20  iterations
NOTE:  ice_shelf_solve_outer: nonlinear fractional residual =    4.7499670169397847E-004
NOTE:  ice_shelf_solve_outer: linear solve done in           20  iterations
NOTE:  ice_shelf_solve_outer: nonlinear fractional residual =    3.1656484067392232E-004
NOTE:  ice_shelf_solve_outer: linear solve done in           20  iterations
NOTE:  ice_shelf_solve_outer: nonlinear fractional residual =    2.1099894544853991E-004
NOTE:  ice_shelf_solve_outer: linear solve done in           20  iterations
NOTE:  ice_shelf_solve_outer: nonlinear fractional residual =    1.4064628201421539E-004
NOTE:  ice_shelf_solve_outer: linear solve done in           20  iterations
NOTE:  ice_shelf_solve_outer: nonlinear fractional residual =    9.3755440370021074E-005
NOTE:  ice_shelf_solve_outer: switching to Newton iterations at iter =            9
NOTE:  ice_shelf_solve_outer: nonlinear fractional residual =    9.3755440370021074E-005
NOTE:  ice_shelf_solve_outer: exiting nonlinear solve after            9  iterations
NOTE: callTree: <--- Main loop
NOTE: callTree: loop Main loop, Shelf_driver.F90      31
NOTE: solo_step_ice_shelf:  TIME in ice shelf call, yrs:    30.000000000000000
NOTE: solo_step_ice_shelf:  Ice model timestep =    31536000.000000000       seconds
NOTE:  ice_shelf_solve_outer: linear solve done in           20  iterations
NOTE:  ice_shelf_solve_outer: nonlinear fractional residual =    2.3710439631080575E-003
NOTE:  ice_shelf_solve_outer: linear solve done in           20  iterations
NOTE:  ice_shelf_solve_outer: nonlinear fractional residual =    1.5782036263857616E-003
NOTE:  ice_shelf_solve_outer: linear solve done in           20  iterations
NOTE:  ice_shelf_solve_outer: nonlinear fractional residual =    1.0510276820836421E-003
NOTE:  ice_shelf_solve_outer: linear solve done in           20  iterations
NOTE:  ice_shelf_solve_outer: nonlinear fractional residual =    7.0019254174733556E-004
NOTE:  ice_shelf_solve_outer: linear solve done in           20  iterations
NOTE:  ice_shelf_solve_outer: nonlinear fractional residual =    4.6657607285012254E-004
NOTE:  ice_shelf_solve_outer: linear solve done in           20  iterations
NOTE:  ice_shelf_solve_outer: nonlinear fractional residual =    3.1095339287608007E-004
NOTE:  ice_shelf_solve_outer: linear solve done in           20  iterations
NOTE:  ice_shelf_solve_outer: nonlinear fractional residual =    2.0725900486998913E-004
NOTE:  ice_shelf_solve_outer: linear solve done in           21  iterations
NOTE:  ice_shelf_solve_outer: nonlinear fractional residual =    1.3815344377878891E-004
NOTE:  ice_shelf_solve_outer: linear solve done in           20  iterations
NOTE:  ice_shelf_solve_outer: nonlinear fractional residual =    9.2093750651060530E-005
NOTE:  ice_shelf_solve_outer: switching to Newton iterations at iter =            9
NOTE:  ice_shelf_solve_outer: nonlinear fractional residual =    9.2093750651060530E-005
NOTE:  ice_shelf_solve_outer: exiting nonlinear solve after            9  iterations
NOTE: callTree: <--- Main loop
NOTE: callTree: loop Main loop, Shelf_driver.F90      32
NOTE: solo_step_ice_shelf:  TIME in ice shelf call, yrs:    31.000000000000000
NOTE: solo_step_ice_shelf:  Ice model timestep =    31536000.000000000       seconds
NOTE:  ice_shelf_solve_outer: linear solve done in           20  iterations
NOTE:  ice_shelf_solve_outer: nonlinear fractional residual =    2.6310230974209972E-003
NOTE:  ice_shelf_solve_outer: linear solve done in           20  iterations
NOTE:  ice_shelf_solve_outer: nonlinear fractional residual =    1.7510238939183003E-003
NOTE:  ice_shelf_solve_outer: linear solve done in           20  iterations
NOTE:  ice_shelf_solve_outer: nonlinear fractional residual =    1.1660192411089970E-003
NOTE:  ice_shelf_solve_outer: linear solve done in           20  iterations
NOTE:  ice_shelf_solve_outer: nonlinear fractional residual =    7.7675490451924775E-004
NOTE:  ice_shelf_solve_outer: linear solve done in           20  iterations
NOTE:  ice_shelf_solve_outer: nonlinear fractional residual =    5.1757378268552274E-004
NOTE:  ice_shelf_solve_outer: linear solve done in           20  iterations
NOTE:  ice_shelf_solve_outer: nonlinear fractional residual =    3.4493236771269780E-004
NOTE:  ice_shelf_solve_outer: linear solve done in           20  iterations
NOTE:  ice_shelf_solve_outer: nonlinear fractional residual =    2.2990298802079431E-004
NOTE:  ice_shelf_solve_outer: linear solve done in           20  iterations
NOTE:  ice_shelf_solve_outer: nonlinear fractional residual =    1.5324558042272940E-004
NOTE:  ice_shelf_solve_outer: linear solve done in           20  iterations
NOTE:  ice_shelf_solve_outer: nonlinear fractional residual =    1.0215346297569322E-004
NOTE:  ice_shelf_solve_outer: linear solve done in           21  iterations
NOTE:  ice_shelf_solve_outer: nonlinear fractional residual =    6.8097749746347385E-005
NOTE:  ice_shelf_solve_outer: switching to Newton iterations at iter =           10
NOTE:  ice_shelf_solve_outer: nonlinear fractional residual =    6.8097749746347385E-005
NOTE:  ice_shelf_solve_outer: exiting nonlinear solve after           10  iterations
NOTE: callTree: <--- Main loop
NOTE: callTree: loop Main loop, Shelf_driver.F90      33
NOTE: solo_step_ice_shelf:  TIME in ice shelf call, yrs:    32.000000000000000
NOTE: solo_step_ice_shelf:  Ice model timestep =    31536000.000000000       seconds
NOTE:  ice_shelf_solve_outer: linear solve done in           20  iterations
NOTE:  ice_shelf_solve_outer: nonlinear fractional residual =    2.2692707984598220E-003
NOTE:  ice_shelf_solve_outer: linear solve done in           20  iterations
NOTE:  ice_shelf_solve_outer: nonlinear fractional residual =    1.5105084400386336E-003
NOTE:  ice_shelf_solve_outer: linear solve done in           20  iterations
NOTE:  ice_shelf_solve_outer: nonlinear fractional residual =    1.0059658931801251E-003
NOTE:  ice_shelf_solve_outer: linear solve done in           20  iterations
NOTE:  ice_shelf_solve_outer: nonlinear fractional residual =    6.7018174189695939E-004
NOTE:  ice_shelf_solve_outer: linear solve done in           20  iterations
NOTE:  ice_shelf_solve_outer: nonlinear fractional residual =    4.4658238715210242E-004
NOTE:  ice_shelf_solve_outer: linear solve done in           20  iterations
NOTE:  ice_shelf_solve_outer: nonlinear fractional residual =    2.9763027726911544E-004
NOTE:  ice_shelf_solve_outer: linear solve done in           20  iterations
NOTE:  ice_shelf_solve_outer: nonlinear fractional residual =    1.9837959864696215E-004
NOTE:  ice_shelf_solve_outer: linear solve done in           20  iterations
NOTE:  ice_shelf_solve_outer: nonlinear fractional residual =    1.3223502684043786E-004
NOTE:  ice_shelf_solve_outer: linear solve done in           20  iterations
NOTE:  ice_shelf_solve_outer: nonlinear fractional residual =    8.8148667066898095E-005
NOTE:  ice_shelf_solve_outer: switching to Newton iterations at iter =            9
NOTE:  ice_shelf_solve_outer: nonlinear fractional residual =    8.8148667066898095E-005
NOTE:  ice_shelf_solve_outer: exiting nonlinear solve after            9  iterations
NOTE: callTree: <--- Main loop
NOTE: callTree: loop Main loop, Shelf_driver.F90      34
NOTE: solo_step_ice_shelf:  TIME in ice shelf call, yrs:    33.000000000000000
NOTE: solo_step_ice_shelf:  Ice model timestep =    31536000.000000000       seconds
NOTE:  ice_shelf_solve_outer: linear solve done in           20  iterations
NOTE:  ice_shelf_solve_outer: nonlinear fractional residual =    1.8601853204067420E-003
NOTE:  ice_shelf_solve_outer: linear solve done in           20  iterations
NOTE:  ice_shelf_solve_outer: nonlinear fractional residual =    1.2376637372783197E-003
NOTE:  ice_shelf_solve_outer: linear solve done in           20  iterations
NOTE:  ice_shelf_solve_outer: nonlinear fractional residual =    8.2401619329294492E-004
NOTE:  ice_shelf_solve_outer: linear solve done in           20  iterations
NOTE:  ice_shelf_solve_outer: nonlinear fractional residual =    5.4885845222077477E-004
NOTE:  ice_shelf_solve_outer: linear solve done in           20  iterations
NOTE:  ice_shelf_solve_outer: nonlinear fractional residual =    3.6568980416137859E-004
NOTE:  ice_shelf_solve_outer: linear solve done in           20  iterations
NOTE:  ice_shelf_solve_outer: nonlinear fractional residual =    2.4369728568575510E-004
NOTE:  ice_shelf_solve_outer: linear solve done in           20  iterations
NOTE:  ice_shelf_solve_outer: nonlinear fractional residual =    1.6242222958826874E-004
NOTE:  ice_shelf_solve_outer: linear solve done in           20  iterations
NOTE:  ice_shelf_solve_outer: nonlinear fractional residual =    1.0826254149555970E-004
NOTE:  ice_shelf_solve_outer: linear solve done in           21  iterations
NOTE:  ice_shelf_solve_outer: nonlinear fractional residual =    7.2166607941644888E-005
NOTE:  ice_shelf_solve_outer: switching to Newton iterations at iter =            9
NOTE:  ice_shelf_solve_outer: nonlinear fractional residual =    7.2166607941644888E-005
NOTE:  ice_shelf_solve_outer: exiting nonlinear solve after            9  iterations
NOTE: callTree: <--- Main loop
NOTE: callTree: loop Main loop, Shelf_driver.F90      35
NOTE: solo_step_ice_shelf:  TIME in ice shelf call, yrs:    34.000000000000000
NOTE: solo_step_ice_shelf:  Ice model timestep =    31536000.000000000       seconds
NOTE:  ice_shelf_solve_outer: linear solve done in           20  iterations
NOTE:  ice_shelf_solve_outer: nonlinear fractional residual =    2.2005074850825813E-003
NOTE:  ice_shelf_solve_outer: linear solve done in           20  iterations
NOTE:  ice_shelf_solve_outer: nonlinear fractional residual =    1.4647460899998965E-003
NOTE:  ice_shelf_solve_outer: linear solve done in           20  iterations
NOTE:  ice_shelf_solve_outer: nonlinear fractional residual =    9.7549321629014228E-004
NOTE:  ice_shelf_solve_outer: linear solve done in           20  iterations
NOTE:  ice_shelf_solve_outer: nonlinear fractional residual =    6.4988244552761324E-004
NOTE:  ice_shelf_solve_outer: linear solve done in           20  iterations
NOTE:  ice_shelf_solve_outer: nonlinear fractional residual =    4.3305656029743038E-004
NOTE:  ice_shelf_solve_outer: linear solve done in           20  iterations
NOTE:  ice_shelf_solve_outer: nonlinear fractional residual =    2.8861618868971230E-004
NOTE:  ice_shelf_solve_outer: linear solve done in           20  iterations
NOTE:  ice_shelf_solve_outer: nonlinear fractional residual =    1.9237159759306614E-004
NOTE:  ice_shelf_solve_outer: linear solve done in           20  iterations
NOTE:  ice_shelf_solve_outer: nonlinear fractional residual =    1.2823031128720994E-004
NOTE:  ice_shelf_solve_outer: linear solve done in           21  iterations
NOTE:  ice_shelf_solve_outer: nonlinear fractional residual =    8.5479131611853617E-005
NOTE:  ice_shelf_solve_outer: switching to Newton iterations at iter =            9
NOTE:  ice_shelf_solve_outer: nonlinear fractional residual =    8.5479131611853617E-005
NOTE:  ice_shelf_solve_outer: exiting nonlinear solve after            9  iterations
NOTE: callTree: <--- Main loop
NOTE: callTree: loop Main loop, Shelf_driver.F90      36
NOTE: solo_step_ice_shelf:  TIME in ice shelf call, yrs:    35.000000000000000
NOTE: solo_step_ice_shelf:  Ice model timestep =    31536000.000000000       seconds
NOTE:  ice_shelf_solve_outer: linear solve done in           20  iterations
NOTE:  ice_shelf_solve_outer: nonlinear fractional residual =    2.1731964420335583E-003
NOTE:  ice_shelf_solve_outer: linear solve done in           20  iterations
NOTE:  ice_shelf_solve_outer: nonlinear fractional residual =    1.4465770235252394E-003
NOTE:  ice_shelf_solve_outer: linear solve done in           20  iterations
NOTE:  ice_shelf_solve_outer: nonlinear fractional residual =    9.6339754135094059E-004
NOTE:  ice_shelf_solve_outer: linear solve done in           20  iterations
NOTE:  ice_shelf_solve_outer: nonlinear fractional residual =    6.4182623856279123E-004
NOTE:  ice_shelf_solve_outer: linear solve done in           20  iterations
NOTE:  ice_shelf_solve_outer: nonlinear fractional residual =    4.2768912421416958E-004
NOTE:  ice_shelf_solve_outer: linear solve done in           20  iterations
NOTE:  ice_shelf_solve_outer: nonlinear fractional residual =    2.8503939557117050E-004
NOTE:  ice_shelf_solve_outer: linear solve done in           20  iterations
NOTE:  ice_shelf_solve_outer: nonlinear fractional residual =    1.8998773451633607E-004
NOTE:  ice_shelf_solve_outer: linear solve done in           21  iterations
NOTE:  ice_shelf_solve_outer: nonlinear fractional residual =    1.2664136519034423E-004
NOTE:  ice_shelf_solve_outer: linear solve done in           20  iterations
NOTE:  ice_shelf_solve_outer: nonlinear fractional residual =    8.4419965796190708E-005
NOTE:  ice_shelf_solve_outer: switching to Newton iterations at iter =            9
NOTE:  ice_shelf_solve_outer: nonlinear fractional residual =    8.4419965796190708E-005
NOTE:  ice_shelf_solve_outer: exiting nonlinear solve after            9  iterations
NOTE: callTree: <--- Main loop
NOTE: callTree: loop Main loop, Shelf_driver.F90      37
NOTE: solo_step_ice_shelf:  TIME in ice shelf call, yrs:    36.000000000000000
NOTE: solo_step_ice_shelf:  Ice model timestep =    31536000.000000000       seconds
NOTE:  ice_shelf_solve_outer: linear solve done in           20  iterations
NOTE:  ice_shelf_solve_outer: nonlinear fractional residual =    2.0843986191928653E-003
NOTE:  ice_shelf_solve_outer: linear solve done in           20  iterations
NOTE:  ice_shelf_solve_outer: nonlinear fractional residual =    1.3857774342117342E-003
NOTE:  ice_shelf_solve_outer: linear solve done in           20  iterations
NOTE:  ice_shelf_solve_outer: nonlinear fractional residual =    9.2215427271678861E-004
NOTE:  ice_shelf_solve_outer: linear solve done in           20  iterations
NOTE:  ice_shelf_solve_outer: nonlinear fractional residual =    6.1401548287252754E-004
NOTE:  ice_shelf_solve_outer: linear solve done in           20  iterations
NOTE:  ice_shelf_solve_outer: nonlinear fractional residual =    4.0900863253784706E-004
NOTE:  ice_shelf_solve_outer: linear solve done in           20  iterations
NOTE:  ice_shelf_solve_outer: nonlinear fractional residual =    2.7252355328182719E-004
NOTE:  ice_shelf_solve_outer: linear solve done in           20  iterations
NOTE:  ice_shelf_solve_outer: nonlinear fractional residual =    1.8161621415094476E-004
NOTE:  ice_shelf_solve_outer: linear solve done in           20  iterations
NOTE:  ice_shelf_solve_outer: nonlinear fractional residual =    1.2104807672634968E-004
NOTE:  ice_shelf_solve_outer: linear solve done in           20  iterations
NOTE:  ice_shelf_solve_outer: nonlinear fractional residual =    8.0685652204788444E-005
NOTE:  ice_shelf_solve_outer: switching to Newton iterations at iter =            9
NOTE:  ice_shelf_solve_outer: nonlinear fractional residual =    8.0685652204788444E-005
NOTE:  ice_shelf_solve_outer: exiting nonlinear solve after            9  iterations
NOTE: callTree: <--- Main loop
NOTE: callTree: loop Main loop, Shelf_driver.F90      38
NOTE: solo_step_ice_shelf:  TIME in ice shelf call, yrs:    37.000000000000000
NOTE: solo_step_ice_shelf:  Ice model timestep =    31536000.000000000       seconds
NOTE:  ice_shelf_solve_outer: linear solve done in           20  iterations
NOTE:  ice_shelf_solve_outer: nonlinear fractional residual =    2.0990139664866618E-003
NOTE:  ice_shelf_solve_outer: linear solve done in           20  iterations
NOTE:  ice_shelf_solve_outer: nonlinear fractional residual =    1.3972298783233522E-003
NOTE:  ice_shelf_solve_outer: linear solve done in           20  iterations
NOTE:  ice_shelf_solve_outer: nonlinear fractional residual =    9.3054741595543556E-004
NOTE:  ice_shelf_solve_outer: linear solve done in           20  iterations
NOTE:  ice_shelf_solve_outer: nonlinear fractional residual =    6.1994748819689429E-004
NOTE:  ice_shelf_solve_outer: linear solve done in           20  iterations
NOTE:  ice_shelf_solve_outer: nonlinear fractional residual =    4.1311277585247340E-004
NOTE:  ice_shelf_solve_outer: linear solve done in           20  iterations
NOTE:  ice_shelf_solve_outer: nonlinear fractional residual =    2.7532604670819856E-004
NOTE:  ice_shelf_solve_outer: linear solve done in           21  iterations
NOTE:  ice_shelf_solve_outer: nonlinear fractional residual =    1.8351404299328489E-004
NOTE:  ice_shelf_solve_outer: linear solve done in           20  iterations
NOTE:  ice_shelf_solve_outer: nonlinear fractional residual =    1.2232640388652898E-004
NOTE:  ice_shelf_solve_outer: linear solve done in           21  iterations
NOTE:  ice_shelf_solve_outer: nonlinear fractional residual =    8.1543695337986071E-005
NOTE:  ice_shelf_solve_outer: switching to Newton iterations at iter =            9
NOTE:  ice_shelf_solve_outer: nonlinear fractional residual =    8.1543695337986071E-005
NOTE:  ice_shelf_solve_outer: exiting nonlinear solve after            9  iterations
NOTE: callTree: <--- Main loop
NOTE: callTree: loop Main loop, Shelf_driver.F90      39
NOTE: solo_step_ice_shelf:  TIME in ice shelf call, yrs:    38.000000000000000
NOTE: solo_step_ice_shelf:  Ice model timestep =    31536000.000000000       seconds
NOTE:  ice_shelf_solve_outer: linear solve done in           20  iterations
NOTE:  ice_shelf_solve_outer: nonlinear fractional residual =    2.0661126191850341E-003
NOTE:  ice_shelf_solve_outer: linear solve done in           20  iterations
NOTE:  ice_shelf_solve_outer: nonlinear fractional residual =    1.3753345317530556E-003
NOTE:  ice_shelf_solve_outer: linear solve done in           20  iterations
NOTE:  ice_shelf_solve_outer: nonlinear fractional residual =    9.1596782452703493E-004
NOTE:  ice_shelf_solve_outer: linear solve done in           20  iterations
NOTE:  ice_shelf_solve_outer: nonlinear fractional residual =    6.1023545930589192E-004
NOTE:  ice_shelf_solve_outer: linear solve done in           20  iterations
NOTE:  ice_shelf_solve_outer: nonlinear fractional residual =    4.0664151369751536E-004
NOTE:  ice_shelf_solve_outer: linear solve done in           20  iterations
NOTE:  ice_shelf_solve_outer: nonlinear fractional residual =    2.7101339420746579E-004
NOTE:  ice_shelf_solve_outer: linear solve done in           20  iterations
NOTE:  ice_shelf_solve_outer: nonlinear fractional residual =    1.8063961816400150E-004
NOTE:  ice_shelf_solve_outer: linear solve done in           21  iterations
NOTE:  ice_shelf_solve_outer: nonlinear fractional residual =    1.2041042157569876E-004
NOTE:  ice_shelf_solve_outer: linear solve done in           20  iterations
NOTE:  ice_shelf_solve_outer: nonlinear fractional residual =    8.0266507363531349E-005
NOTE:  ice_shelf_solve_outer: switching to Newton iterations at iter =            9
NOTE:  ice_shelf_solve_outer: nonlinear fractional residual =    8.0266507363531349E-005
NOTE:  ice_shelf_solve_outer: exiting nonlinear solve after            9  iterations
NOTE: callTree: <--- Main loop
NOTE: callTree: loop Main loop, Shelf_driver.F90      40
NOTE: solo_step_ice_shelf:  TIME in ice shelf call, yrs:    39.000000000000000
NOTE: solo_step_ice_shelf:  Ice model timestep =    31536000.000000000       seconds
NOTE:  ice_shelf_solve_outer: linear solve done in           20  iterations
NOTE:  ice_shelf_solve_outer: nonlinear fractional residual =    2.0326911984135691E-003
NOTE:  ice_shelf_solve_outer: linear solve done in           20  iterations
NOTE:  ice_shelf_solve_outer: nonlinear fractional residual =    1.3530974062521714E-003
NOTE:  ice_shelf_solve_outer: linear solve done in           20  iterations
NOTE:  ice_shelf_solve_outer: nonlinear fractional residual =    9.0116257091214888E-004
NOTE:  ice_shelf_solve_outer: linear solve done in           20  iterations
NOTE:  ice_shelf_solve_outer: nonlinear fractional residual =    6.0037396146230264E-004
NOTE:  ice_shelf_solve_outer: linear solve done in           20  iterations
NOTE:  ice_shelf_solve_outer: nonlinear fractional residual =    4.0007103744390204E-004
NOTE:  ice_shelf_solve_outer: linear solve done in           20  iterations
NOTE:  ice_shelf_solve_outer: nonlinear fractional residual =    2.6663479085558764E-004
NOTE:  ice_shelf_solve_outer: linear solve done in           20  iterations
NOTE:  ice_shelf_solve_outer: nonlinear fractional residual =    1.7772131125384024E-004
NOTE:  ice_shelf_solve_outer: linear solve done in           20  iterations
NOTE:  ice_shelf_solve_outer: nonlinear fractional residual =    1.1846522235285206E-004
NOTE:  ice_shelf_solve_outer: linear solve done in           20  iterations
NOTE:  ice_shelf_solve_outer: nonlinear fractional residual =    7.8969858482818249E-005
NOTE:  ice_shelf_solve_outer: switching to Newton iterations at iter =            9
NOTE:  ice_shelf_solve_outer: nonlinear fractional residual =    7.8969858482818249E-005
NOTE:  ice_shelf_solve_outer: exiting nonlinear solve after            9  iterations
NOTE: callTree: <--- Main loop
NOTE: callTree: loop Main loop, Shelf_driver.F90      41
NOTE: solo_step_ice_shelf:  TIME in ice shelf call, yrs:    40.000000000000000
NOTE: solo_step_ice_shelf:  Ice model timestep =    31536000.000000000       seconds
NOTE:  ice_shelf_solve_outer: linear solve done in           20  iterations
NOTE:  ice_shelf_solve_outer: nonlinear fractional residual =    2.0154968026250353E-003
NOTE:  ice_shelf_solve_outer: linear solve done in           20  iterations
NOTE:  ice_shelf_solve_outer: nonlinear fractional residual =    1.3416237531003953E-003
NOTE:  ice_shelf_solve_outer: linear solve done in           20  iterations
NOTE:  ice_shelf_solve_outer: nonlinear fractional residual =    8.9350876070851582E-004
NOTE:  ice_shelf_solve_outer: linear solve done in           20  iterations
NOTE:  ice_shelf_solve_outer: nonlinear fractional residual =    5.9526934591799384E-004
NOTE:  ice_shelf_solve_outer: linear solve done in           20  iterations
NOTE:  ice_shelf_solve_outer: nonlinear fractional residual =    3.9666704302000467E-004
NOTE:  ice_shelf_solve_outer: linear solve done in           20  iterations
NOTE:  ice_shelf_solve_outer: nonlinear fractional residual =    2.6436505503708098E-004
NOTE:  ice_shelf_solve_outer: linear solve done in           20  iterations
NOTE:  ice_shelf_solve_outer: nonlinear fractional residual =    1.7620797392154243E-004
NOTE:  ice_shelf_solve_outer: linear solve done in           21  iterations
NOTE:  ice_shelf_solve_outer: nonlinear fractional residual =    1.1745625091694669E-004
NOTE:  ice_shelf_solve_outer: linear solve done in           20  iterations
NOTE:  ice_shelf_solve_outer: nonlinear fractional residual =    7.8297175384054040E-005
NOTE:  ice_shelf_solve_outer: switching to Newton iterations at iter =            9
NOTE:  ice_shelf_solve_outer: nonlinear fractional residual =    7.8297175384054040E-005
NOTE:  ice_shelf_solve_outer: exiting nonlinear solve after            9  iterations
NOTE: callTree: <--- Main loop
NOTE: callTree: loop Main loop, Shelf_driver.F90      42
NOTE: solo_step_ice_shelf:  TIME in ice shelf call, yrs:    41.000000000000000
NOTE: solo_step_ice_shelf:  Ice model timestep =    31536000.000000000       seconds
NOTE:  ice_shelf_solve_outer: linear solve done in           20  iterations
NOTE:  ice_shelf_solve_outer: nonlinear fractional residual =    1.9684101436945856E-003
NOTE:  ice_shelf_solve_outer: linear solve done in           20  iterations
NOTE:  ice_shelf_solve_outer: nonlinear fractional residual =    1.3103264685524396E-003
NOTE:  ice_shelf_solve_outer: linear solve done in           20  iterations
NOTE:  ice_shelf_solve_outer: nonlinear fractional residual =    8.7268558288525493E-004
NOTE:  ice_shelf_solve_outer: linear solve done in           20  iterations
NOTE:  ice_shelf_solve_outer: nonlinear fractional residual =    5.8140574524443724E-004
NOTE:  ice_shelf_solve_outer: linear solve done in           20  iterations
NOTE:  ice_shelf_solve_outer: nonlinear fractional residual =    3.8743287094320216E-004
NOTE:  ice_shelf_solve_outer: linear solve done in           20  iterations
NOTE:  ice_shelf_solve_outer: nonlinear fractional residual =    2.5821259686224963E-004
NOTE:  ice_shelf_solve_outer: linear solve done in           20  iterations
NOTE:  ice_shelf_solve_outer: nonlinear fractional residual =    1.7210796009625072E-004
NOTE:  ice_shelf_solve_outer: linear solve done in           20  iterations
NOTE:  ice_shelf_solve_outer: nonlinear fractional residual =    1.1472363052365623E-004
NOTE:  ice_shelf_solve_outer: linear solve done in           22  iterations
NOTE:  ice_shelf_solve_outer: nonlinear fractional residual =    7.6475749358158535E-005
NOTE:  ice_shelf_solve_outer: switching to Newton iterations at iter =            9
NOTE:  ice_shelf_solve_outer: nonlinear fractional residual =    7.6475749358158535E-005
NOTE:  ice_shelf_solve_outer: exiting nonlinear solve after            9  iterations
NOTE: callTree: <--- Main loop
NOTE: callTree: loop Main loop, Shelf_driver.F90      43
NOTE: solo_step_ice_shelf:  TIME in ice shelf call, yrs:    42.000000000000000
NOTE: solo_step_ice_shelf:  Ice model timestep =    31536000.000000000       seconds
NOTE:  ice_shelf_solve_outer: linear solve done in           20  iterations
NOTE:  ice_shelf_solve_outer: nonlinear fractional residual =    1.9370111966030301E-003
NOTE:  ice_shelf_solve_outer: linear solve done in           20  iterations
NOTE:  ice_shelf_solve_outer: nonlinear fractional residual =    1.2894351555616578E-003
NOTE:  ice_shelf_solve_outer: linear solve done in           20  iterations
NOTE:  ice_shelf_solve_outer: nonlinear fractional residual =    8.5877642079218452E-004
NOTE:  ice_shelf_solve_outer: linear solve done in           20  iterations
NOTE:  ice_shelf_solve_outer: nonlinear fractional residual =    5.7214114411268660E-004
NOTE:  ice_shelf_solve_outer: linear solve done in           20  iterations
NOTE:  ice_shelf_solve_outer: nonlinear fractional residual =    3.8126010429575288E-004
NOTE:  ice_shelf_solve_outer: linear solve done in           20  iterations
NOTE:  ice_shelf_solve_outer: nonlinear fractional residual =    2.5409903467065370E-004
NOTE:  ice_shelf_solve_outer: linear solve done in           20  iterations
NOTE:  ice_shelf_solve_outer: nonlinear fractional residual =    1.6936630345377719E-004
NOTE:  ice_shelf_solve_outer: linear solve done in           20  iterations
NOTE:  ice_shelf_solve_outer: nonlinear fractional residual =    1.1289617864423928E-004
NOTE:  ice_shelf_solve_outer: linear solve done in           20  iterations
NOTE:  ice_shelf_solve_outer: nonlinear fractional residual =    7.5257590005673158E-005
NOTE:  ice_shelf_solve_outer: switching to Newton iterations at iter =            9
NOTE:  ice_shelf_solve_outer: nonlinear fractional residual =    7.5257590005673158E-005
NOTE:  ice_shelf_solve_outer: exiting nonlinear solve after            9  iterations
NOTE: callTree: <--- Main loop
NOTE: callTree: loop Main loop, Shelf_driver.F90      44
NOTE: solo_step_ice_shelf:  TIME in ice shelf call, yrs:    43.000000000000000
NOTE: solo_step_ice_shelf:  Ice model timestep =    31536000.000000000       seconds
NOTE:  ice_shelf_solve_outer: linear solve done in           20  iterations
NOTE:  ice_shelf_solve_outer: nonlinear fractional residual =    2.4444866442531969E-003
NOTE:  ice_shelf_solve_outer: linear solve done in           20  iterations
NOTE:  ice_shelf_solve_outer: nonlinear fractional residual =    1.6259022245817322E-003
NOTE:  ice_shelf_solve_outer: linear solve done in           20  iterations
NOTE:  ice_shelf_solve_outer: nonlinear fractional residual =    1.0822678238733997E-003
NOTE:  ice_shelf_solve_outer: linear solve done in           20  iterations
NOTE:  ice_shelf_solve_outer: nonlinear fractional residual =    7.2077163029469018E-004
NOTE:  ice_shelf_solve_outer: linear solve done in           20  iterations
NOTE:  ice_shelf_solve_outer: nonlinear fractional residual =    4.8018560693537430E-004
NOTE:  ice_shelf_solve_outer: linear solve done in           20  iterations
NOTE:  ice_shelf_solve_outer: nonlinear fractional residual =    3.1997765436828578E-004
NOTE:  ice_shelf_solve_outer: linear solve done in           20  iterations
NOTE:  ice_shelf_solve_outer: nonlinear fractional residual =    2.1325352671036480E-004
NOTE:  ice_shelf_solve_outer: linear solve done in           20  iterations
NOTE:  ice_shelf_solve_outer: nonlinear fractional residual =    1.4214017400503235E-004
NOTE:  ice_shelf_solve_outer: linear solve done in           20  iterations
NOTE:  ice_shelf_solve_outer: nonlinear fractional residual =    9.4747297995399440E-005
NOTE:  ice_shelf_solve_outer: switching to Newton iterations at iter =            9
NOTE:  ice_shelf_solve_outer: nonlinear fractional residual =    9.4747297995399440E-005
NOTE:  ice_shelf_solve_outer: exiting nonlinear solve after            9  iterations
NOTE: callTree: <--- Main loop
NOTE: callTree: loop Main loop, Shelf_driver.F90      45
NOTE: solo_step_ice_shelf:  TIME in ice shelf call, yrs:    44.000000000000000
NOTE: solo_step_ice_shelf:  Ice model timestep =    31536000.000000000       seconds
NOTE:  ice_shelf_solve_outer: linear solve done in           20  iterations
NOTE:  ice_shelf_solve_outer: nonlinear fractional residual =    1.9169971161454216E-003
NOTE:  ice_shelf_solve_outer: linear solve done in           20  iterations
NOTE:  ice_shelf_solve_outer: nonlinear fractional residual =    1.2745404190084709E-003
NOTE:  ice_shelf_solve_outer: linear solve done in           20  iterations
NOTE:  ice_shelf_solve_outer: nonlinear fractional residual =    8.4815834214585809E-004
NOTE:  ice_shelf_solve_outer: linear solve done in           20  iterations
NOTE:  ice_shelf_solve_outer: nonlinear fractional residual =    5.6475698810188137E-004
NOTE:  ice_shelf_solve_outer: linear solve done in           20  iterations
NOTE:  ice_shelf_solve_outer: nonlinear fractional residual =    3.7620171847466805E-004
NOTE:  ice_shelf_solve_outer: linear solve done in           20  iterations
NOTE:  ice_shelf_solve_outer: nonlinear fractional residual =    2.5066654392697689E-004
NOTE:  ice_shelf_solve_outer: linear solve done in           21  iterations
NOTE:  ice_shelf_solve_outer: nonlinear fractional residual =    1.6705121758653314E-004
NOTE:  ice_shelf_solve_outer: linear solve done in           20  iterations
NOTE:  ice_shelf_solve_outer: nonlinear fractional residual =    1.1134089869132047E-004
NOTE:  ice_shelf_solve_outer: linear solve done in           20  iterations
NOTE:  ice_shelf_solve_outer: nonlinear fractional residual =    7.4215453777696998E-005
NOTE:  ice_shelf_solve_outer: switching to Newton iterations at iter =            9
NOTE:  ice_shelf_solve_outer: nonlinear fractional residual =    7.4215453777696998E-005
NOTE:  ice_shelf_solve_outer: exiting nonlinear solve after            9  iterations
NOTE: callTree: <--- Main loop
NOTE: callTree: loop Main loop, Shelf_driver.F90      46
NOTE: solo_step_ice_shelf:  TIME in ice shelf call, yrs:    45.000000000000000
NOTE: solo_step_ice_shelf:  Ice model timestep =    31536000.000000000       seconds
NOTE:  ice_shelf_solve_outer: linear solve done in           20  iterations
NOTE:  ice_shelf_solve_outer: nonlinear fractional residual =    1.8448735644407651E-003
NOTE:  ice_shelf_solve_outer: linear solve done in           20  iterations
NOTE:  ice_shelf_solve_outer: nonlinear fractional residual =    1.2281126031050613E-003
NOTE:  ice_shelf_solve_outer: linear solve done in           20  iterations
NOTE:  ice_shelf_solve_outer: nonlinear fractional residual =    8.1794034840721721E-004
NOTE:  ice_shelf_solve_outer: linear solve done in           20  iterations
NOTE:  ice_shelf_solve_outer: nonlinear fractional residual =    5.4493739264395089E-004
NOTE:  ice_shelf_solve_outer: linear solve done in           20  iterations
NOTE:  ice_shelf_solve_outer: nonlinear fractional residual =    3.6313329575616237E-004
NOTE:  ice_shelf_solve_outer: linear solve done in           21  iterations
NOTE:  ice_shelf_solve_outer: nonlinear fractional residual =    2.4201850870604957E-004
NOTE:  ice_shelf_solve_outer: linear solve done in           21  iterations
NOTE:  ice_shelf_solve_outer: nonlinear fractional residual =    1.6131440346624213E-004
NOTE:  ice_shelf_solve_outer: linear solve done in           20  iterations
NOTE:  ice_shelf_solve_outer: nonlinear fractional residual =    1.0752903816409852E-004
NOTE:  ice_shelf_solve_outer: linear solve done in           21  iterations
NOTE:  ice_shelf_solve_outer: nonlinear fractional residual =    7.1679848912352742E-005
NOTE:  ice_shelf_solve_outer: switching to Newton iterations at iter =            9
NOTE:  ice_shelf_solve_outer: nonlinear fractional residual =    7.1679848912352742E-005
NOTE:  ice_shelf_solve_outer: exiting nonlinear solve after            9  iterations
NOTE: callTree: <--- Main loop
NOTE: callTree: loop Main loop, Shelf_driver.F90      47
NOTE: solo_step_ice_shelf:  TIME in ice shelf call, yrs:    46.000000000000000
NOTE: solo_step_ice_shelf:  Ice model timestep =    31536000.000000000       seconds
NOTE:  ice_shelf_solve_outer: linear solve done in           20  iterations
NOTE:  ice_shelf_solve_outer: nonlinear fractional residual =    2.0866754448269236E-003
NOTE:  ice_shelf_solve_outer: linear solve done in           20  iterations
NOTE:  ice_shelf_solve_outer: nonlinear fractional residual =    1.3885277957365915E-003
NOTE:  ice_shelf_solve_outer: linear solve done in           20  iterations
NOTE:  ice_shelf_solve_outer: nonlinear fractional residual =    9.2453517151249668E-004
NOTE:  ice_shelf_solve_outer: linear solve done in           20  iterations
NOTE:  ice_shelf_solve_outer: nonlinear fractional residual =    6.1584587121906744E-004
NOTE:  ice_shelf_solve_outer: linear solve done in           20  iterations
NOTE:  ice_shelf_solve_outer: nonlinear fractional residual =    4.1033690654639115E-004
NOTE:  ice_shelf_solve_outer: linear solve done in           20  iterations
NOTE:  ice_shelf_solve_outer: nonlinear fractional residual =    2.7345706406842733E-004
NOTE:  ice_shelf_solve_outer: linear solve done in           20  iterations
NOTE:  ice_shelf_solve_outer: nonlinear fractional residual =    1.8225988236553119E-004
NOTE:  ice_shelf_solve_outer: linear solve done in           20  iterations
NOTE:  ice_shelf_solve_outer: nonlinear fractional residual =    1.2148666665092154E-004
NOTE:  ice_shelf_solve_outer: linear solve done in           20  iterations
NOTE:  ice_shelf_solve_outer: nonlinear fractional residual =    8.0982257673369503E-005
NOTE:  ice_shelf_solve_outer: switching to Newton iterations at iter =            9
NOTE:  ice_shelf_solve_outer: nonlinear fractional residual =    8.0982257673369503E-005
NOTE:  ice_shelf_solve_outer: exiting nonlinear solve after            9  iterations
NOTE: callTree: <--- Main loop
NOTE: callTree: loop Main loop, Shelf_driver.F90      48
NOTE: solo_step_ice_shelf:  TIME in ice shelf call, yrs:    47.000000000000000
NOTE: solo_step_ice_shelf:  Ice model timestep =    31536000.000000000       seconds
NOTE:  ice_shelf_solve_outer: linear solve done in           20  iterations
NOTE:  ice_shelf_solve_outer: nonlinear fractional residual =    1.7911863911647947E-003
NOTE:  ice_shelf_solve_outer: linear solve done in           20  iterations
NOTE:  ice_shelf_solve_outer: nonlinear fractional residual =    1.1923897850443835E-003
NOTE:  ice_shelf_solve_outer: linear solve done in           20  iterations
NOTE:  ice_shelf_solve_outer: nonlinear fractional residual =    7.9415566300733063E-004
NOTE:  ice_shelf_solve_outer: linear solve done in           20  iterations
NOTE:  ice_shelf_solve_outer: nonlinear fractional residual =    5.2909451018293640E-004
NOTE:  ice_shelf_solve_outer: linear solve done in           20  iterations
NOTE:  ice_shelf_solve_outer: nonlinear fractional residual =    3.5257740929524816E-004
NOTE:  ice_shelf_solve_outer: linear solve done in           21  iterations
NOTE:  ice_shelf_solve_outer: nonlinear fractional residual =    2.3498393382989936E-004
NOTE:  ice_shelf_solve_outer: linear solve done in           20  iterations
NOTE:  ice_shelf_solve_outer: nonlinear fractional residual =    1.5662587944351123E-004
NOTE:  ice_shelf_solve_outer: linear solve done in           20  iterations
NOTE:  ice_shelf_solve_outer: nonlinear fractional residual =    1.0440388573580466E-004
NOTE:  ice_shelf_solve_outer: linear solve done in           21  iterations
NOTE:  ice_shelf_solve_outer: nonlinear fractional residual =    6.9596649555386572E-005
NOTE:  ice_shelf_solve_outer: switching to Newton iterations at iter =            9
NOTE:  ice_shelf_solve_outer: nonlinear fractional residual =    6.9596649555386572E-005
NOTE:  ice_shelf_solve_outer: exiting nonlinear solve after            9  iterations
NOTE: callTree: <--- Main loop
NOTE: callTree: loop Main loop, Shelf_driver.F90      49
NOTE: solo_step_ice_shelf:  TIME in ice shelf call, yrs:    48.000000000000000
NOTE: solo_step_ice_shelf:  Ice model timestep =    31536000.000000000       seconds
NOTE:  ice_shelf_solve_outer: linear solve done in           20  iterations
NOTE:  ice_shelf_solve_outer: nonlinear fractional residual =    1.7575348999163301E-003
NOTE:  ice_shelf_solve_outer: linear solve done in           20  iterations
NOTE:  ice_shelf_solve_outer: nonlinear fractional residual =    1.1700035044441249E-003
NOTE:  ice_shelf_solve_outer: linear solve done in           20  iterations
NOTE:  ice_shelf_solve_outer: nonlinear fractional residual =    7.7925283894100675E-004
NOTE:  ice_shelf_solve_outer: linear solve done in           20  iterations
NOTE:  ice_shelf_solve_outer: nonlinear fractional residual =    5.1916879117751876E-004
NOTE:  ice_shelf_solve_outer: linear solve done in           20  iterations
NOTE:  ice_shelf_solve_outer: nonlinear fractional residual =    3.4596448508042292E-004
NOTE:  ice_shelf_solve_outer: linear solve done in           20  iterations
NOTE:  ice_shelf_solve_outer: nonlinear fractional residual =    2.3057719421480495E-004
NOTE:  ice_shelf_solve_outer: linear solve done in           21  iterations
NOTE:  ice_shelf_solve_outer: nonlinear fractional residual =    1.5368888712421325E-004
NOTE:  ice_shelf_solve_outer: linear solve done in           20  iterations
NOTE:  ice_shelf_solve_outer: nonlinear fractional residual =    1.0244626154049965E-004
NOTE:  ice_shelf_solve_outer: linear solve done in           20  iterations
NOTE:  ice_shelf_solve_outer: nonlinear fractional residual =    6.8291731494365000E-005
NOTE:  ice_shelf_solve_outer: switching to Newton iterations at iter =            9
NOTE:  ice_shelf_solve_outer: nonlinear fractional residual =    6.8291731494365000E-005
NOTE:  ice_shelf_solve_outer: exiting nonlinear solve after            9  iterations
NOTE: callTree: <--- Main loop
NOTE: callTree: loop Main loop, Shelf_driver.F90      50
NOTE: solo_step_ice_shelf:  TIME in ice shelf call, yrs:    49.000000000000000
NOTE: solo_step_ice_shelf:  Ice model timestep =    31536000.000000000       seconds
NOTE:  ice_shelf_solve_outer: linear solve done in           20  iterations
NOTE:  ice_shelf_solve_outer: nonlinear fractional residual =    1.7016086631800899E-003
NOTE:  ice_shelf_solve_outer: linear solve done in           20  iterations
NOTE:  ice_shelf_solve_outer: nonlinear fractional residual =    1.1328086420129603E-003
NOTE:  ice_shelf_solve_outer: linear solve done in           20  iterations
NOTE:  ice_shelf_solve_outer: nonlinear fractional residual =    7.5449596647527220E-004
NOTE:  ice_shelf_solve_outer: linear solve done in           20  iterations
NOTE:  ice_shelf_solve_outer: nonlinear fractional residual =    5.0268185970388474E-004
NOTE:  ice_shelf_solve_outer: linear solve done in           20  iterations
NOTE:  ice_shelf_solve_outer: nonlinear fractional residual =    3.3498104324676661E-004
NOTE:  ice_shelf_solve_outer: linear solve done in           20  iterations
NOTE:  ice_shelf_solve_outer: nonlinear fractional residual =    2.2325838712110115E-004
NOTE:  ice_shelf_solve_outer: linear solve done in           21  iterations
NOTE:  ice_shelf_solve_outer: nonlinear fractional residual =    1.4881123255355421E-004
NOTE:  ice_shelf_solve_outer: linear solve done in           21  iterations
NOTE:  ice_shelf_solve_outer: nonlinear fractional residual =    9.9195180808045973E-005
NOTE:  ice_shelf_solve_outer: switching to Newton iterations at iter =            8
NOTE:  ice_shelf_solve_outer: nonlinear fractional residual =    9.9195180808045973E-005
NOTE:  ice_shelf_solve_outer: exiting nonlinear solve after            8  iterations
NOTE: callTree: <--- Main loop
NOTE: callTree: loop Main loop, Shelf_driver.F90      51
NOTE: solo_step_ice_shelf:  TIME in ice shelf call, yrs:    50.000000000000000
NOTE: solo_step_ice_shelf:  Ice model timestep =    31536000.000000000       seconds
NOTE:  ice_shelf_solve_outer: linear solve done in           20  iterations
NOTE:  ice_shelf_solve_outer: nonlinear fractional residual =    1.7278383236528716E-003
NOTE:  ice_shelf_solve_outer: linear solve done in           20  iterations
NOTE:  ice_shelf_solve_outer: nonlinear fractional residual =    1.1502295488122669E-003
NOTE:  ice_shelf_solve_outer: linear solve done in           20  iterations
NOTE:  ice_shelf_solve_outer: nonlinear fractional residual =    7.6608078348036309E-004
NOTE:  ice_shelf_solve_outer: linear solve done in           20  iterations
NOTE:  ice_shelf_solve_outer: nonlinear fractional residual =    5.1039213010520583E-004
NOTE:  ice_shelf_solve_outer: linear solve done in           20  iterations
NOTE:  ice_shelf_solve_outer: nonlinear fractional residual =    3.4011547240917942E-004
NOTE:  ice_shelf_solve_outer: linear solve done in           20  iterations
NOTE:  ice_shelf_solve_outer: nonlinear fractional residual =    2.2667878405937590E-004
NOTE:  ice_shelf_solve_outer: linear solve done in           21  iterations
NOTE:  ice_shelf_solve_outer: nonlinear fractional residual =    1.5109036124188305E-004
NOTE:  ice_shelf_solve_outer: linear solve done in           20  iterations
NOTE:  ice_shelf_solve_outer: nonlinear fractional residual =    1.0071409512135227E-004
NOTE:  ice_shelf_solve_outer: linear solve done in           21  iterations
NOTE:  ice_shelf_solve_outer: nonlinear fractional residual =    6.7137035665348270E-005
NOTE:  ice_shelf_solve_outer: switching to Newton iterations at iter =            9
NOTE:  ice_shelf_solve_outer: nonlinear fractional residual =    6.7137035665348270E-005
NOTE:  ice_shelf_solve_outer: exiting nonlinear solve after            9  iterations
NOTE: callTree: <--- Main loop
NOTE: callTree: loop Main loop, Shelf_driver.F90      52
NOTE: solo_step_ice_shelf:  TIME in ice shelf call, yrs:    51.000000000000000
NOTE: solo_step_ice_shelf:  Ice model timestep =    31536000.000000000       seconds
NOTE:  ice_shelf_solve_outer: linear solve done in           20  iterations
NOTE:  ice_shelf_solve_outer: nonlinear fractional residual =    1.6828368523107188E-003
NOTE:  ice_shelf_solve_outer: linear solve done in           20  iterations
NOTE:  ice_shelf_solve_outer: nonlinear fractional residual =    1.1202978316334758E-003
NOTE:  ice_shelf_solve_outer: linear solve done in           20  iterations
NOTE:  ice_shelf_solve_outer: nonlinear fractional residual =    7.4615709633032968E-004
NOTE:  ice_shelf_solve_outer: linear solve done in           20  iterations
NOTE:  ice_shelf_solve_outer: nonlinear fractional residual =    4.9712335891733729E-004
NOTE:  ice_shelf_solve_outer: linear solve done in           20  iterations
NOTE:  ice_shelf_solve_outer: nonlinear fractional residual =    3.3127570862762887E-004
NOTE:  ice_shelf_solve_outer: linear solve done in           20  iterations
NOTE:  ice_shelf_solve_outer: nonlinear fractional residual =    2.2078831222758236E-004
NOTE:  ice_shelf_solve_outer: linear solve done in           21  iterations
NOTE:  ice_shelf_solve_outer: nonlinear fractional residual =    1.4716458182329666E-004
NOTE:  ice_shelf_solve_outer: linear solve done in           20  iterations
NOTE:  ice_shelf_solve_outer: nonlinear fractional residual =    9.8097442951366903E-005
NOTE:  ice_shelf_solve_outer: switching to Newton iterations at iter =            8
NOTE:  ice_shelf_solve_outer: nonlinear fractional residual =    9.8097442951366903E-005
NOTE:  ice_shelf_solve_outer: exiting nonlinear solve after            8  iterations
NOTE: callTree: <--- Main loop
NOTE: callTree: loop Main loop, Shelf_driver.F90      53
NOTE: solo_step_ice_shelf:  TIME in ice shelf call, yrs:    52.000000000000000
NOTE: solo_step_ice_shelf:  Ice model timestep =    31536000.000000000       seconds
NOTE:  ice_shelf_solve_outer: linear solve done in           20  iterations
NOTE:  ice_shelf_solve_outer: nonlinear fractional residual =    1.6791901793391697E-003
NOTE:  ice_shelf_solve_outer: linear solve done in           20  iterations
NOTE:  ice_shelf_solve_outer: nonlinear fractional residual =    1.1178582074097380E-003
NOTE:  ice_shelf_solve_outer: linear solve done in           20  iterations
NOTE:  ice_shelf_solve_outer: nonlinear fractional residual =    7.4452690885405584E-004
NOTE:  ice_shelf_solve_outer: linear solve done in           20  iterations
NOTE:  ice_shelf_solve_outer: nonlinear fractional residual =    4.9603489406258104E-004
NOTE:  ice_shelf_solve_outer: linear solve done in           20  iterations
NOTE:  ice_shelf_solve_outer: nonlinear fractional residual =    3.3054932275902114E-004
NOTE:  ice_shelf_solve_outer: linear solve done in           20  iterations
NOTE:  ice_shelf_solve_outer: nonlinear fractional residual =    2.2030372508434953E-004
NOTE:  ice_shelf_solve_outer: linear solve done in           20  iterations
NOTE:  ice_shelf_solve_outer: nonlinear fractional residual =    1.4684137728226854E-004
NOTE:  ice_shelf_solve_outer: linear solve done in           21  iterations
NOTE:  ice_shelf_solve_outer: nonlinear fractional residual =    9.7881908172198678E-005
NOTE:  ice_shelf_solve_outer: switching to Newton iterations at iter =            8
NOTE:  ice_shelf_solve_outer: nonlinear fractional residual =    9.7881908172198678E-005
NOTE:  ice_shelf_solve_outer: exiting nonlinear solve after            8  iterations
NOTE: callTree: <--- Main loop
NOTE: callTree: loop Main loop, Shelf_driver.F90      54
NOTE: solo_step_ice_shelf:  TIME in ice shelf call, yrs:    53.000000000000000
NOTE: solo_step_ice_shelf:  Ice model timestep =    31536000.000000000       seconds
NOTE:  ice_shelf_solve_outer: linear solve done in           20  iterations
NOTE:  ice_shelf_solve_outer: nonlinear fractional residual =    1.6160633027838375E-003
NOTE:  ice_shelf_solve_outer: linear solve done in           20  iterations
NOTE:  ice_shelf_solve_outer: nonlinear fractional residual =    1.0700311256170065E-003
NOTE:  ice_shelf_solve_outer: linear solve done in           20  iterations
NOTE:  ice_shelf_solve_outer: nonlinear fractional residual =    7.1009436681289872E-004
NOTE:  ice_shelf_solve_outer: linear solve done in           20  iterations
NOTE:  ice_shelf_solve_outer: nonlinear fractional residual =    4.7194880235467231E-004
NOTE:  ice_shelf_solve_outer: linear solve done in           20  iterations
NOTE:  ice_shelf_solve_outer: nonlinear fractional residual =    3.1398961807128819E-004
NOTE:  ice_shelf_solve_outer: linear solve done in           20  iterations
NOTE:  ice_shelf_solve_outer: nonlinear fractional residual =    2.0904078706096690E-004
NOTE:  ice_shelf_solve_outer: linear solve done in           20  iterations
NOTE:  ice_shelf_solve_outer: nonlinear fractional residual =    1.3923361445439353E-004
NOTE:  ice_shelf_solve_outer: linear solve done in           20  iterations
NOTE:  ice_shelf_solve_outer: nonlinear fractional residual =    9.2766015317751935E-005
NOTE:  ice_shelf_solve_outer: switching to Newton iterations at iter =            8
NOTE:  ice_shelf_solve_outer: nonlinear fractional residual =    9.2766015317751935E-005
NOTE:  ice_shelf_solve_outer: exiting nonlinear solve after            8  iterations
NOTE: callTree: <--- Main loop
NOTE: callTree: loop Main loop, Shelf_driver.F90      55
NOTE: solo_step_ice_shelf:  TIME in ice shelf call, yrs:    54.000000000000000
NOTE: solo_step_ice_shelf:  Ice model timestep =    31536000.000000000       seconds
NOTE:  ice_shelf_solve_outer: linear solve done in           20  iterations
NOTE:  ice_shelf_solve_outer: nonlinear fractional residual =    1.8552137820480167E-003
NOTE:  ice_shelf_solve_outer: linear solve done in           20  iterations
NOTE:  ice_shelf_solve_outer: nonlinear fractional residual =    1.2345462094623680E-003
NOTE:  ice_shelf_solve_outer: linear solve done in           20  iterations
NOTE:  ice_shelf_solve_outer: nonlinear fractional residual =    8.2202576088242498E-004
NOTE:  ice_shelf_solve_outer: linear solve done in           20  iterations
NOTE:  ice_shelf_solve_outer: nonlinear fractional residual =    5.4757070205171488E-004
NOTE:  ice_shelf_solve_outer: linear solve done in           20  iterations
NOTE:  ice_shelf_solve_outer: nonlinear fractional residual =    3.6484876650715340E-004
NOTE:  ice_shelf_solve_outer: linear solve done in           20  iterations
NOTE:  ice_shelf_solve_outer: nonlinear fractional residual =    2.4314436637144630E-004
NOTE:  ice_shelf_solve_outer: linear solve done in           22  iterations
NOTE:  ice_shelf_solve_outer: nonlinear fractional residual =    1.6205707442909552E-004
NOTE:  ice_shelf_solve_outer: linear solve done in           20  iterations
NOTE:  ice_shelf_solve_outer: nonlinear fractional residual =    1.0802064247082910E-004
NOTE:  ice_shelf_solve_outer: linear solve done in           20  iterations
NOTE:  ice_shelf_solve_outer: nonlinear fractional residual =    7.2006025636018144E-005
NOTE:  ice_shelf_solve_outer: switching to Newton iterations at iter =            9
NOTE:  ice_shelf_solve_outer: nonlinear fractional residual =    7.2006025636018144E-005
NOTE:  ice_shelf_solve_outer: exiting nonlinear solve after            9  iterations
NOTE: callTree: <--- Main loop
NOTE: callTree: loop Main loop, Shelf_driver.F90      56
NOTE: solo_step_ice_shelf:  TIME in ice shelf call, yrs:    55.000000000000000
NOTE: solo_step_ice_shelf:  Ice model timestep =    31536000.000000000       seconds
NOTE:  ice_shelf_solve_outer: linear solve done in           20  iterations
NOTE:  ice_shelf_solve_outer: nonlinear fractional residual =    1.5887011637169004E-003
NOTE:  ice_shelf_solve_outer: linear solve done in           20  iterations
NOTE:  ice_shelf_solve_outer: nonlinear fractional residual =    1.0576578427770292E-003
NOTE:  ice_shelf_solve_outer: linear solve done in           20  iterations
NOTE:  ice_shelf_solve_outer: nonlinear fractional residual =    7.0444919344425096E-004
NOTE:  ice_shelf_solve_outer: linear solve done in           20  iterations
NOTE:  ice_shelf_solve_outer: nonlinear fractional residual =    4.6934124969740486E-004
NOTE:  ice_shelf_solve_outer: linear solve done in           20  iterations
NOTE:  ice_shelf_solve_outer: nonlinear fractional residual =    3.1276459805795249E-004
NOTE:  ice_shelf_solve_outer: linear solve done in           20  iterations
NOTE:  ice_shelf_solve_outer: nonlinear fractional residual =    2.0845214835218820E-004
NOTE:  ice_shelf_solve_outer: linear solve done in           21  iterations
NOTE:  ice_shelf_solve_outer: nonlinear fractional residual =    1.3894250684376867E-004
NOTE:  ice_shelf_solve_outer: linear solve done in           20  iterations
NOTE:  ice_shelf_solve_outer: nonlinear fractional residual =    9.2616963872487897E-005
NOTE:  ice_shelf_solve_outer: switching to Newton iterations at iter =            8
NOTE:  ice_shelf_solve_outer: nonlinear fractional residual =    9.2616963872487897E-005
NOTE:  ice_shelf_solve_outer: exiting nonlinear solve after            8  iterations
NOTE: callTree: <--- Main loop
NOTE: callTree: loop Main loop, Shelf_driver.F90      57
NOTE: solo_step_ice_shelf:  TIME in ice shelf call, yrs:    56.000000000000000
NOTE: solo_step_ice_shelf:  Ice model timestep =    31536000.000000000       seconds
NOTE:  ice_shelf_solve_outer: linear solve done in           20  iterations
NOTE:  ice_shelf_solve_outer: nonlinear fractional residual =    1.5736364164271933E-003
NOTE:  ice_shelf_solve_outer: linear solve done in           20  iterations
NOTE:  ice_shelf_solve_outer: nonlinear fractional residual =    1.0476312037577544E-003
NOTE:  ice_shelf_solve_outer: linear solve done in           20  iterations
NOTE:  ice_shelf_solve_outer: nonlinear fractional residual =    6.9777211766730693E-004
NOTE:  ice_shelf_solve_outer: linear solve done in           20  iterations
NOTE:  ice_shelf_solve_outer: nonlinear fractional residual =    4.6489313427563778E-004
NOTE:  ice_shelf_solve_outer: linear solve done in           20  iterations
NOTE:  ice_shelf_solve_outer: nonlinear fractional residual =    3.0980064084134038E-004
NOTE:  ice_shelf_solve_outer: linear solve done in           20  iterations
NOTE:  ice_shelf_solve_outer: nonlinear fractional residual =    2.0647682287044453E-004
NOTE:  ice_shelf_solve_outer: linear solve done in           21  iterations
NOTE:  ice_shelf_solve_outer: nonlinear fractional residual =    1.3762591021006029E-004
NOTE:  ice_shelf_solve_outer: linear solve done in           21  iterations
NOTE:  ice_shelf_solve_outer: nonlinear fractional residual =    9.1739360369916657E-005
NOTE:  ice_shelf_solve_outer: switching to Newton iterations at iter =            8
NOTE:  ice_shelf_solve_outer: nonlinear fractional residual =    9.1739360369916657E-005
NOTE:  ice_shelf_solve_outer: exiting nonlinear solve after            8  iterations
NOTE: callTree: <--- Main loop
NOTE: callTree: loop Main loop, Shelf_driver.F90      58
NOTE: solo_step_ice_shelf:  TIME in ice shelf call, yrs:    57.000000000000000
NOTE: solo_step_ice_shelf:  Ice model timestep =    31536000.000000000       seconds
NOTE:  ice_shelf_solve_outer: linear solve done in           20  iterations
NOTE:  ice_shelf_solve_outer: nonlinear fractional residual =    1.5595946249360394E-003
NOTE:  ice_shelf_solve_outer: linear solve done in           20  iterations
NOTE:  ice_shelf_solve_outer: nonlinear fractional residual =    1.0382820637198833E-003
NOTE:  ice_shelf_solve_outer: linear solve done in           20  iterations
NOTE:  ice_shelf_solve_outer: nonlinear fractional residual =    6.9154472123409045E-004
NOTE:  ice_shelf_solve_outer: linear solve done in           20  iterations
NOTE:  ice_shelf_solve_outer: nonlinear fractional residual =    4.6074392219790604E-004
NOTE:  ice_shelf_solve_outer: linear solve done in           20  iterations
NOTE:  ice_shelf_solve_outer: nonlinear fractional residual =    3.0703556028737421E-004
NOTE:  ice_shelf_solve_outer: linear solve done in           20  iterations
NOTE:  ice_shelf_solve_outer: nonlinear fractional residual =    2.0463390741241091E-004
NOTE:  ice_shelf_solve_outer: linear solve done in           22  iterations
NOTE:  ice_shelf_solve_outer: nonlinear fractional residual =    1.3639750959966226E-004
NOTE:  ice_shelf_solve_outer: linear solve done in           20  iterations
NOTE:  ice_shelf_solve_outer: nonlinear fractional residual =    9.0920519793509440E-005
NOTE:  ice_shelf_solve_outer: switching to Newton iterations at iter =            8
NOTE:  ice_shelf_solve_outer: nonlinear fractional residual =    9.0920519793509440E-005
NOTE:  ice_shelf_solve_outer: exiting nonlinear solve after            8  iterations
NOTE: callTree: <--- Main loop
NOTE: callTree: loop Main loop, Shelf_driver.F90      59
NOTE: solo_step_ice_shelf:  TIME in ice shelf call, yrs:    58.000000000000000
NOTE: solo_step_ice_shelf:  Ice model timestep =    31536000.000000000       seconds
NOTE:  ice_shelf_solve_outer: linear solve done in           20  iterations
NOTE:  ice_shelf_solve_outer: nonlinear fractional residual =    1.5385999427932335E-003
NOTE:  ice_shelf_solve_outer: linear solve done in           20  iterations
NOTE:  ice_shelf_solve_outer: nonlinear fractional residual =    1.0243111424492728E-003
NOTE:  ice_shelf_solve_outer: linear solve done in           20  iterations
NOTE:  ice_shelf_solve_outer: nonlinear fractional residual =    6.8224212733610401E-004
NOTE:  ice_shelf_solve_outer: linear solve done in           20  iterations
NOTE:  ice_shelf_solve_outer: nonlinear fractional residual =    4.5454724051044134E-004
NOTE:  ice_shelf_solve_outer: linear solve done in           20  iterations
NOTE:  ice_shelf_solve_outer: nonlinear fractional residual =    3.0290668303024665E-004
NOTE:  ice_shelf_solve_outer: linear solve done in           20  iterations
NOTE:  ice_shelf_solve_outer: nonlinear fractional residual =    2.0188231994158675E-004
NOTE:  ice_shelf_solve_outer: linear solve done in           20  iterations
NOTE:  ice_shelf_solve_outer: nonlinear fractional residual =    1.3456356137029170E-004
NOTE:  ice_shelf_solve_outer: linear solve done in           22  iterations
NOTE:  ice_shelf_solve_outer: nonlinear fractional residual =    8.9698084680284155E-005
NOTE:  ice_shelf_solve_outer: switching to Newton iterations at iter =            8
NOTE:  ice_shelf_solve_outer: nonlinear fractional residual =    8.9698084680284155E-005
NOTE:  ice_shelf_solve_outer: exiting nonlinear solve after            8  iterations
NOTE: callTree: <--- Main loop
NOTE: callTree: loop Main loop, Shelf_driver.F90      60
NOTE: solo_step_ice_shelf:  TIME in ice shelf call, yrs:    59.000000000000000
NOTE: solo_step_ice_shelf:  Ice model timestep =    31536000.000000000       seconds
NOTE:  ice_shelf_solve_outer: linear solve done in           20  iterations
NOTE:  ice_shelf_solve_outer: nonlinear fractional residual =    1.5174934877798529E-003
NOTE:  ice_shelf_solve_outer: linear solve done in           20  iterations
NOTE:  ice_shelf_solve_outer: nonlinear fractional residual =    1.0102661787938720E-003
NOTE:  ice_shelf_solve_outer: linear solve done in           20  iterations
NOTE:  ice_shelf_solve_outer: nonlinear fractional residual =    6.7289038131852189E-004
NOTE:  ice_shelf_solve_outer: linear solve done in           20  iterations
NOTE:  ice_shelf_solve_outer: nonlinear fractional residual =    4.4831788384496575E-004
NOTE:  ice_shelf_solve_outer: linear solve done in           20  iterations
NOTE:  ice_shelf_solve_outer: nonlinear fractional residual =    2.9875606362936177E-004
NOTE:  ice_shelf_solve_outer: linear solve done in           20  iterations
NOTE:  ice_shelf_solve_outer: nonlinear fractional residual =    1.9911625615385518E-004
NOTE:  ice_shelf_solve_outer: linear solve done in           20  iterations
NOTE:  ice_shelf_solve_outer: nonlinear fractional residual =    1.3271997023537138E-004
NOTE:  ice_shelf_solve_outer: linear solve done in           21  iterations
NOTE:  ice_shelf_solve_outer: nonlinear fractional residual =    8.8469224635640678E-005
NOTE:  ice_shelf_solve_outer: switching to Newton iterations at iter =            8
NOTE:  ice_shelf_solve_outer: nonlinear fractional residual =    8.8469224635640678E-005
NOTE:  ice_shelf_solve_outer: exiting nonlinear solve after            8  iterations
NOTE: callTree: <--- Main loop
NOTE: callTree: loop Main loop, Shelf_driver.F90      61
NOTE: solo_step_ice_shelf:  TIME in ice shelf call, yrs:    60.000000000000000
NOTE: solo_step_ice_shelf:  Ice model timestep =    31536000.000000000       seconds
NOTE:  ice_shelf_solve_outer: linear solve done in           20  iterations
NOTE:  ice_shelf_solve_outer: nonlinear fractional residual =    1.4969479862070325E-003
NOTE:  ice_shelf_solve_outer: linear solve done in           20  iterations
NOTE:  ice_shelf_solve_outer: nonlinear fractional residual =    9.9659428917606716E-004
NOTE:  ice_shelf_solve_outer: linear solve done in           20  iterations
NOTE:  ice_shelf_solve_outer: nonlinear fractional residual =    6.6378695339998036E-004
NOTE:  ice_shelf_solve_outer: linear solve done in           20  iterations
NOTE:  ice_shelf_solve_outer: nonlinear fractional residual =    4.4225389548684991E-004
NOTE:  ice_shelf_solve_outer: linear solve done in           20  iterations
NOTE:  ice_shelf_solve_outer: nonlinear fractional residual =    2.9471561117157637E-004
NOTE:  ice_shelf_solve_outer: linear solve done in           20  iterations
NOTE:  ice_shelf_solve_outer: nonlinear fractional residual =    1.9642360191593247E-004
NOTE:  ice_shelf_solve_outer: linear solve done in           21  iterations
NOTE:  ice_shelf_solve_outer: nonlinear fractional residual =    1.3092530340930779E-004
NOTE:  ice_shelf_solve_outer: linear solve done in           21  iterations
NOTE:  ice_shelf_solve_outer: nonlinear fractional residual =    8.7272973819672539E-005
NOTE:  ice_shelf_solve_outer: switching to Newton iterations at iter =            8
NOTE:  ice_shelf_solve_outer: nonlinear fractional residual =    8.7272973819672539E-005
NOTE:  ice_shelf_solve_outer: exiting nonlinear solve after            8  iterations
NOTE: callTree: <--- Main loop
NOTE: callTree: loop Main loop, Shelf_driver.F90      62
NOTE: solo_step_ice_shelf:  TIME in ice shelf call, yrs:    61.000000000000000
NOTE: solo_step_ice_shelf:  Ice model timestep =    31536000.000000000       seconds
NOTE:  ice_shelf_solve_outer: linear solve done in           20  iterations
NOTE:  ice_shelf_solve_outer: nonlinear fractional residual =    1.7786109094004539E-003
NOTE:  ice_shelf_solve_outer: linear solve done in           20  iterations
NOTE:  ice_shelf_solve_outer: nonlinear fractional residual =    1.1828825671458562E-003
NOTE:  ice_shelf_solve_outer: linear solve done in           20  iterations
NOTE:  ice_shelf_solve_outer: nonlinear fractional residual =    7.8732022890403623E-004
NOTE:  ice_shelf_solve_outer: linear solve done in           20  iterations
NOTE:  ice_shelf_solve_outer: nonlinear fractional residual =    5.2431715011324372E-004
NOTE:  ice_shelf_solve_outer: linear solve done in           20  iterations
NOTE:  ice_shelf_solve_outer: nonlinear fractional residual =    3.4929472679462225E-004
NOTE:  ice_shelf_solve_outer: linear solve done in           20  iterations
NOTE:  ice_shelf_solve_outer: nonlinear fractional residual =    2.3275207678115180E-004
NOTE:  ice_shelf_solve_outer: linear solve done in           20  iterations
NOTE:  ice_shelf_solve_outer: nonlinear fractional residual =    1.5511870079643525E-004
NOTE:  ice_shelf_solve_outer: linear solve done in           21  iterations
NOTE:  ice_shelf_solve_outer: nonlinear fractional residual =    1.0339053850228649E-004
NOTE:  ice_shelf_solve_outer: linear solve done in           20  iterations
NOTE:  ice_shelf_solve_outer: nonlinear fractional residual =    6.8917281050940473E-005
NOTE:  ice_shelf_solve_outer: switching to Newton iterations at iter =            9
NOTE:  ice_shelf_solve_outer: nonlinear fractional residual =    6.8917281050940473E-005
NOTE:  ice_shelf_solve_outer: exiting nonlinear solve after            9  iterations
NOTE: callTree: <--- Main loop
NOTE: callTree: loop Main loop, Shelf_driver.F90      63
NOTE: solo_step_ice_shelf:  TIME in ice shelf call, yrs:    62.000000000000000
NOTE: solo_step_ice_shelf:  Ice model timestep =    31536000.000000000       seconds
NOTE:  ice_shelf_solve_outer: linear solve done in           20  iterations
NOTE:  ice_shelf_solve_outer: nonlinear fractional residual =    1.6973406314585611E-003
NOTE:  ice_shelf_solve_outer: linear solve done in           20  iterations
NOTE:  ice_shelf_solve_outer: nonlinear fractional residual =    1.1291070641034904E-003
NOTE:  ice_shelf_solve_outer: linear solve done in           20  iterations
NOTE:  ice_shelf_solve_outer: nonlinear fractional residual =    7.5164948744018247E-004
NOTE:  ice_shelf_solve_outer: linear solve done in           20  iterations
NOTE:  ice_shelf_solve_outer: nonlinear fractional residual =    5.0061639680349236E-004
NOTE:  ice_shelf_solve_outer: linear solve done in           20  iterations
NOTE:  ice_shelf_solve_outer: nonlinear fractional residual =    3.3352964160981503E-004
NOTE:  ice_shelf_solve_outer: linear solve done in           20  iterations
NOTE:  ice_shelf_solve_outer: nonlinear fractional residual =    2.2225775408471780E-004
NOTE:  ice_shelf_solve_outer: linear solve done in           20  iterations
NOTE:  ice_shelf_solve_outer: nonlinear fractional residual =    1.4812947643615590E-004
NOTE:  ice_shelf_solve_outer: linear solve done in           22  iterations
NOTE:  ice_shelf_solve_outer: nonlinear fractional residual =    9.8734162026980829E-005
NOTE:  ice_shelf_solve_outer: switching to Newton iterations at iter =            8
NOTE:  ice_shelf_solve_outer: nonlinear fractional residual =    9.8734162026980829E-005
NOTE:  ice_shelf_solve_outer: exiting nonlinear solve after            8  iterations
NOTE: callTree: <--- Main loop
NOTE: callTree: loop Main loop, Shelf_driver.F90      64
NOTE: solo_step_ice_shelf:  TIME in ice shelf call, yrs:    63.000000000000000
NOTE: solo_step_ice_shelf:  Ice model timestep =    31536000.000000000       seconds
NOTE:  ice_shelf_solve_outer: linear solve done in           20  iterations
NOTE:  ice_shelf_solve_outer: nonlinear fractional residual =    1.4421574277192820E-003
NOTE:  ice_shelf_solve_outer: linear solve done in           20  iterations
NOTE:  ice_shelf_solve_outer: nonlinear fractional residual =    9.6011477825380816E-004
NOTE:  ice_shelf_solve_outer: linear solve done in           20  iterations
NOTE:  ice_shelf_solve_outer: nonlinear fractional residual =    6.3948843263783692E-004
NOTE:  ice_shelf_solve_outer: linear solve done in           20  iterations
NOTE:  ice_shelf_solve_outer: nonlinear fractional residual =    4.2606429160714498E-004
NOTE:  ice_shelf_solve_outer: linear solve done in           20  iterations
NOTE:  ice_shelf_solve_outer: nonlinear fractional residual =    2.8392672684188647E-004
NOTE:  ice_shelf_solve_outer: linear solve done in           20  iterations
NOTE:  ice_shelf_solve_outer: nonlinear fractional residual =    1.8923287293725255E-004
NOTE:  ice_shelf_solve_outer: linear solve done in           21  iterations
NOTE:  ice_shelf_solve_outer: nonlinear fractional residual =    1.2613231124297572E-004
NOTE:  ice_shelf_solve_outer: linear solve done in           21  iterations
NOTE:  ice_shelf_solve_outer: nonlinear fractional residual =    8.4078013413366274E-005
NOTE:  ice_shelf_solve_outer: switching to Newton iterations at iter =            8
NOTE:  ice_shelf_solve_outer: nonlinear fractional residual =    8.4078013413366274E-005
NOTE:  ice_shelf_solve_outer: exiting nonlinear solve after            8  iterations
NOTE: callTree: <--- Main loop
NOTE: callTree: loop Main loop, Shelf_driver.F90      65
NOTE: solo_step_ice_shelf:  TIME in ice shelf call, yrs:    64.000000000000000
NOTE: solo_step_ice_shelf:  Ice model timestep =    31536000.000000000       seconds
NOTE:  ice_shelf_solve_outer: linear solve done in           20  iterations
NOTE:  ice_shelf_solve_outer: nonlinear fractional residual =    2.1437124189040814E-003
NOTE:  ice_shelf_solve_outer: linear solve done in           20  iterations
NOTE:  ice_shelf_solve_outer: nonlinear fractional residual =    1.4244062879164941E-003
NOTE:  ice_shelf_solve_outer: linear solve done in           20  iterations
NOTE:  ice_shelf_solve_outer: nonlinear fractional residual =    9.4750657101447071E-004
NOTE:  ice_shelf_solve_outer: linear solve done in           20  iterations
NOTE:  ice_shelf_solve_outer: nonlinear fractional residual =    6.3074083110696707E-004
NOTE:  ice_shelf_solve_outer: linear solve done in           20  iterations
NOTE:  ice_shelf_solve_outer: nonlinear fractional residual =    4.2008106742083567E-004
NOTE:  ice_shelf_solve_outer: linear solve done in           20  iterations
NOTE:  ice_shelf_solve_outer: nonlinear fractional residual =    2.7987074970102233E-004
NOTE:  ice_shelf_solve_outer: linear solve done in           20  iterations
NOTE:  ice_shelf_solve_outer: nonlinear fractional residual =    1.8649908874882217E-004
NOTE:  ice_shelf_solve_outer: linear solve done in           21  iterations
NOTE:  ice_shelf_solve_outer: nonlinear fractional residual =    1.2429655878187448E-004
NOTE:  ice_shelf_solve_outer: linear solve done in           20  iterations
NOTE:  ice_shelf_solve_outer: nonlinear fractional residual =    8.2848302839644302E-005
NOTE:  ice_shelf_solve_outer: switching to Newton iterations at iter =            9
NOTE:  ice_shelf_solve_outer: nonlinear fractional residual =    8.2848302839644302E-005
NOTE:  ice_shelf_solve_outer: exiting nonlinear solve after            9  iterations
NOTE: callTree: <--- Main loop
NOTE: callTree: loop Main loop, Shelf_driver.F90      66
NOTE: solo_step_ice_shelf:  TIME in ice shelf call, yrs:    65.000000000000000
NOTE: solo_step_ice_shelf:  Ice model timestep =    31536000.000000000       seconds
NOTE:  ice_shelf_solve_outer: linear solve done in           20  iterations
NOTE:  ice_shelf_solve_outer: nonlinear fractional residual =    1.3874563880949152E-003
NOTE:  ice_shelf_solve_outer: linear solve done in           20  iterations
NOTE:  ice_shelf_solve_outer: nonlinear fractional residual =    9.2372792861552383E-004
NOTE:  ice_shelf_solve_outer: linear solve done in           20  iterations
NOTE:  ice_shelf_solve_outer: nonlinear fractional residual =    6.1526630918374800E-004
NOTE:  ice_shelf_solve_outer: linear solve done in           20  iterations
NOTE:  ice_shelf_solve_outer: nonlinear fractional residual =    4.0993210769642215E-004
NOTE:  ice_shelf_solve_outer: linear solve done in           22  iterations
NOTE:  ice_shelf_solve_outer: nonlinear fractional residual =    2.7317900316883110E-004
NOTE:  ice_shelf_solve_outer: linear solve done in           20  iterations
NOTE:  ice_shelf_solve_outer: nonlinear fractional residual =    1.8207086408760509E-004
NOTE:  ice_shelf_solve_outer: linear solve done in           20  iterations
NOTE:  ice_shelf_solve_outer: nonlinear fractional residual =    1.2135903385398758E-004
NOTE:  ice_shelf_solve_outer: linear solve done in           21  iterations
NOTE:  ice_shelf_solve_outer: nonlinear fractional residual =    8.0896449004179736E-005
NOTE:  ice_shelf_solve_outer: switching to Newton iterations at iter =            8
NOTE:  ice_shelf_solve_outer: nonlinear fractional residual =    8.0896449004179736E-005
NOTE:  ice_shelf_solve_outer: exiting nonlinear solve after            8  iterations
NOTE: callTree: <--- Main loop
NOTE: callTree: loop Main loop, Shelf_driver.F90      67
NOTE: solo_step_ice_shelf:  TIME in ice shelf call, yrs:    66.000000000000000
NOTE: solo_step_ice_shelf:  Ice model timestep =    31536000.000000000       seconds
NOTE:  ice_shelf_solve_outer: linear solve done in           20  iterations
NOTE:  ice_shelf_solve_outer: nonlinear fractional residual =    1.3689860769743472E-003
NOTE:  ice_shelf_solve_outer: linear solve done in           20  iterations
NOTE:  ice_shelf_solve_outer: nonlinear fractional residual =    9.1143020287828911E-004
NOTE:  ice_shelf_solve_outer: linear solve done in           20  iterations
NOTE:  ice_shelf_solve_outer: nonlinear fractional residual =    6.0707486122426051E-004
NOTE:  ice_shelf_solve_outer: linear solve done in           20  iterations
NOTE:  ice_shelf_solve_outer: nonlinear fractional residual =    4.0447427188286392E-004
NOTE:  ice_shelf_solve_outer: linear solve done in           20  iterations
NOTE:  ice_shelf_solve_outer: nonlinear fractional residual =    2.6954183724988134E-004
NOTE:  ice_shelf_solve_outer: linear solve done in           21  iterations
NOTE:  ice_shelf_solve_outer: nonlinear fractional residual =    1.7964670518189643E-004
NOTE:  ice_shelf_solve_outer: linear solve done in           20  iterations
NOTE:  ice_shelf_solve_outer: nonlinear fractional residual =    1.1974320319322395E-004
NOTE:  ice_shelf_solve_outer: linear solve done in           20  iterations
NOTE:  ice_shelf_solve_outer: nonlinear fractional residual =    7.9819350626097617E-005
NOTE:  ice_shelf_solve_outer: switching to Newton iterations at iter =            8
NOTE:  ice_shelf_solve_outer: nonlinear fractional residual =    7.9819350626097617E-005
NOTE:  ice_shelf_solve_outer: exiting nonlinear solve after            8  iterations
NOTE: callTree: <--- Main loop
NOTE: callTree: loop Main loop, Shelf_driver.F90      68
NOTE: solo_step_ice_shelf:  TIME in ice shelf call, yrs:    67.000000000000000
NOTE: solo_step_ice_shelf:  Ice model timestep =    31536000.000000000       seconds
NOTE:  ice_shelf_solve_outer: linear solve done in           20  iterations
NOTE:  ice_shelf_solve_outer: nonlinear fractional residual =    1.3513607012096826E-003
NOTE:  ice_shelf_solve_outer: linear solve done in           20  iterations
NOTE:  ice_shelf_solve_outer: nonlinear fractional residual =    8.9970072998552105E-004
NOTE:  ice_shelf_solve_outer: linear solve done in           20  iterations
NOTE:  ice_shelf_solve_outer: nonlinear fractional residual =    5.9926444926601129E-004
NOTE:  ice_shelf_solve_outer: linear solve done in           20  iterations
NOTE:  ice_shelf_solve_outer: nonlinear fractional residual =    3.9927143676456173E-004
NOTE:  ice_shelf_solve_outer: linear solve done in           20  iterations
NOTE:  ice_shelf_solve_outer: nonlinear fractional residual =    2.6607510534382844E-004
NOTE:  ice_shelf_solve_outer: linear solve done in           21  iterations
NOTE:  ice_shelf_solve_outer: nonlinear fractional residual =    1.7733636185114759E-004
NOTE:  ice_shelf_solve_outer: linear solve done in           20  iterations
NOTE:  ice_shelf_solve_outer: nonlinear fractional residual =    1.1820333504133981E-004
NOTE:  ice_shelf_solve_outer: linear solve done in           21  iterations
NOTE:  ice_shelf_solve_outer: nonlinear fractional residual =    7.8792931877949034E-005
NOTE:  ice_shelf_solve_outer: switching to Newton iterations at iter =            8
NOTE:  ice_shelf_solve_outer: nonlinear fractional residual =    7.8792931877949034E-005
NOTE:  ice_shelf_solve_outer: exiting nonlinear solve after            8  iterations
NOTE: callTree: <--- Main loop
NOTE: callTree: loop Main loop, Shelf_driver.F90      69
NOTE: solo_step_ice_shelf:  TIME in ice shelf call, yrs:    68.000000000000000
NOTE: solo_step_ice_shelf:  Ice model timestep =    31536000.000000000       seconds
NOTE:  ice_shelf_solve_outer: linear solve done in           20  iterations
NOTE:  ice_shelf_solve_outer: nonlinear fractional residual =    1.3340994336214324E-003
NOTE:  ice_shelf_solve_outer: linear solve done in           20  iterations
NOTE:  ice_shelf_solve_outer: nonlinear fractional residual =    8.8821376804631188E-004
NOTE:  ice_shelf_solve_outer: linear solve done in           20  iterations
NOTE:  ice_shelf_solve_outer: nonlinear fractional residual =    5.9161561012020293E-004
NOTE:  ice_shelf_solve_outer: linear solve done in           20  iterations
NOTE:  ice_shelf_solve_outer: nonlinear fractional residual =    3.9417627115554711E-004
NOTE:  ice_shelf_solve_outer: linear solve done in           20  iterations
NOTE:  ice_shelf_solve_outer: nonlinear fractional residual =    2.6268013342393520E-004
NOTE:  ice_shelf_solve_outer: linear solve done in           21  iterations
NOTE:  ice_shelf_solve_outer: nonlinear fractional residual =    1.7507384939095149E-004
NOTE:  ice_shelf_solve_outer: linear solve done in           20  iterations
NOTE:  ice_shelf_solve_outer: nonlinear fractional residual =    1.1669534973759624E-004
NOTE:  ice_shelf_solve_outer: linear solve done in           21  iterations
NOTE:  ice_shelf_solve_outer: nonlinear fractional residual =    7.7787767085162987E-005
NOTE:  ice_shelf_solve_outer: switching to Newton iterations at iter =            8
NOTE:  ice_shelf_solve_outer: nonlinear fractional residual =    7.7787767085162987E-005
NOTE:  ice_shelf_solve_outer: exiting nonlinear solve after            8  iterations
NOTE: callTree: <--- Main loop
NOTE: callTree: loop Main loop, Shelf_driver.F90      70
NOTE: solo_step_ice_shelf:  TIME in ice shelf call, yrs:    69.000000000000000
NOTE: solo_step_ice_shelf:  Ice model timestep =    31536000.000000000       seconds
NOTE:  ice_shelf_solve_outer: linear solve done in           20  iterations
NOTE:  ice_shelf_solve_outer: nonlinear fractional residual =    1.3171765157661197E-003
NOTE:  ice_shelf_solve_outer: linear solve done in           20  iterations
NOTE:  ice_shelf_solve_outer: nonlinear fractional residual =    8.7695190071128599E-004
NOTE:  ice_shelf_solve_outer: linear solve done in           20  iterations
NOTE:  ice_shelf_solve_outer: nonlinear fractional residual =    5.8411662381544654E-004
NOTE:  ice_shelf_solve_outer: linear solve done in           20  iterations
NOTE:  ice_shelf_solve_outer: nonlinear fractional residual =    3.8918091425302754E-004
NOTE:  ice_shelf_solve_outer: linear solve done in           20  iterations
NOTE:  ice_shelf_solve_outer: nonlinear fractional residual =    2.5935165886736855E-004
NOTE:  ice_shelf_solve_outer: linear solve done in           21  iterations
NOTE:  ice_shelf_solve_outer: nonlinear fractional residual =    1.7285565015562430E-004
NOTE:  ice_shelf_solve_outer: linear solve done in           20  iterations
NOTE:  ice_shelf_solve_outer: nonlinear fractional residual =    1.1521689863871458E-004
NOTE:  ice_shelf_solve_outer: linear solve done in           20  iterations
NOTE:  ice_shelf_solve_outer: nonlinear fractional residual =    7.6802287811985617E-005
NOTE:  ice_shelf_solve_outer: switching to Newton iterations at iter =            8
NOTE:  ice_shelf_solve_outer: nonlinear fractional residual =    7.6802287811985617E-005
NOTE:  ice_shelf_solve_outer: exiting nonlinear solve after            8  iterations
NOTE: callTree: <--- Main loop
NOTE: callTree: loop Main loop, Shelf_driver.F90      71
NOTE: solo_step_ice_shelf:  TIME in ice shelf call, yrs:    70.000000000000000
NOTE: solo_step_ice_shelf:  Ice model timestep =    31536000.000000000       seconds
NOTE:  ice_shelf_solve_outer: linear solve done in           20  iterations
NOTE:  ice_shelf_solve_outer: nonlinear fractional residual =    1.7181695753362130E-003
NOTE:  ice_shelf_solve_outer: linear solve done in           20  iterations
NOTE:  ice_shelf_solve_outer: nonlinear fractional residual =    1.1428134808539642E-003
NOTE:  ice_shelf_solve_outer: linear solve done in           20  iterations
NOTE:  ice_shelf_solve_outer: nonlinear fractional residual =    7.6070732686932664E-004
NOTE:  ice_shelf_solve_outer: linear solve done in           20  iterations
NOTE:  ice_shelf_solve_outer: nonlinear fractional residual =    5.0661951062105004E-004
NOTE:  ice_shelf_solve_outer: linear solve done in           20  iterations
NOTE:  ice_shelf_solve_outer: nonlinear fractional residual =    3.3751596625352856E-004
NOTE:  ice_shelf_solve_outer: linear solve done in           20  iterations
NOTE:  ice_shelf_solve_outer: nonlinear fractional residual =    2.2490830416648292E-004
NOTE:  ice_shelf_solve_outer: linear solve done in           21  iterations
NOTE:  ice_shelf_solve_outer: nonlinear fractional residual =    1.4989339914317975E-004
NOTE:  ice_shelf_solve_outer: linear solve done in           21  iterations
NOTE:  ice_shelf_solve_outer: nonlinear fractional residual =    9.9908727874060551E-005
NOTE:  ice_shelf_solve_outer: switching to Newton iterations at iter =            8
NOTE:  ice_shelf_solve_outer: nonlinear fractional residual =    9.9908727874060551E-005
NOTE:  ice_shelf_solve_outer: exiting nonlinear solve after            8  iterations
NOTE: callTree: <--- Main loop
NOTE: callTree: loop Main loop, Shelf_driver.F90      72
NOTE: solo_step_ice_shelf:  TIME in ice shelf call, yrs:    71.000000000000000
NOTE: solo_step_ice_shelf:  Ice model timestep =    31536000.000000000       seconds
NOTE:  ice_shelf_solve_outer: linear solve done in           20  iterations
NOTE:  ice_shelf_solve_outer: nonlinear fractional residual =    1.3810991956927949E-003
NOTE:  ice_shelf_solve_outer: linear solve done in           20  iterations
NOTE:  ice_shelf_solve_outer: nonlinear fractional residual =    9.1631457522933194E-004
NOTE:  ice_shelf_solve_outer: linear solve done in           20  iterations
NOTE:  ice_shelf_solve_outer: nonlinear fractional residual =    6.0891561604126555E-004
NOTE:  ice_shelf_solve_outer: linear solve done in           20  iterations
NOTE:  ice_shelf_solve_outer: nonlinear fractional residual =    4.0507314524004004E-004
NOTE:  ice_shelf_solve_outer: linear solve done in           20  iterations
NOTE:  ice_shelf_solve_outer: nonlinear fractional residual =    2.6966208310412199E-004
NOTE:  ice_shelf_solve_outer: linear solve done in           20  iterations
NOTE:  ice_shelf_solve_outer: nonlinear fractional residual =    1.7960293891634835E-004
NOTE:  ice_shelf_solve_outer: linear solve done in           20  iterations
NOTE:  ice_shelf_solve_outer: nonlinear fractional residual =    1.1965896661200360E-004
NOTE:  ice_shelf_solve_outer: linear solve done in           21  iterations
NOTE:  ice_shelf_solve_outer: nonlinear fractional residual =    7.9738728272619525E-005
NOTE:  ice_shelf_solve_outer: switching to Newton iterations at iter =            8
NOTE:  ice_shelf_solve_outer: nonlinear fractional residual =    7.9738728272619525E-005
NOTE:  ice_shelf_solve_outer: exiting nonlinear solve after            8  iterations
NOTE: callTree: <--- Main loop
NOTE: callTree: loop Main loop, Shelf_driver.F90      73
NOTE: solo_step_ice_shelf:  TIME in ice shelf call, yrs:    72.000000000000000
NOTE: solo_step_ice_shelf:  Ice model timestep =    31536000.000000000       seconds
NOTE:  ice_shelf_solve_outer: linear solve done in           20  iterations
NOTE:  ice_shelf_solve_outer: nonlinear fractional residual =    2.0660526755318345E-003
NOTE:  ice_shelf_solve_outer: linear solve done in           20  iterations
NOTE:  ice_shelf_solve_outer: nonlinear fractional residual =    1.3714471108671714E-003
NOTE:  ice_shelf_solve_outer: linear solve done in           20  iterations
NOTE:  ice_shelf_solve_outer: nonlinear fractional residual =    9.1167837904059358E-004
NOTE:  ice_shelf_solve_outer: linear solve done in           20  iterations
NOTE:  ice_shelf_solve_outer: nonlinear fractional residual =    6.0662482455731332E-004
NOTE:  ice_shelf_solve_outer: linear solve done in           20  iterations
NOTE:  ice_shelf_solve_outer: nonlinear fractional residual =    4.0390170491115426E-004
NOTE:  ice_shelf_solve_outer: linear solve done in           20  iterations
NOTE:  ice_shelf_solve_outer: nonlinear fractional residual =    2.6903929342142068E-004
NOTE:  ice_shelf_solve_outer: linear solve done in           21  iterations
NOTE:  ice_shelf_solve_outer: nonlinear fractional residual =    1.7925806089598133E-004
NOTE:  ice_shelf_solve_outer: linear solve done in           21  iterations
NOTE:  ice_shelf_solve_outer: nonlinear fractional residual =    1.1946030421597221E-004
NOTE:  ice_shelf_solve_outer: linear solve done in           21  iterations
NOTE:  ice_shelf_solve_outer: nonlinear fractional residual =    7.9620179950841148E-005
NOTE:  ice_shelf_solve_outer: switching to Newton iterations at iter =            9
NOTE:  ice_shelf_solve_outer: nonlinear fractional residual =    7.9620179950841148E-005
NOTE:  ice_shelf_solve_outer: exiting nonlinear solve after            9  iterations
NOTE: callTree: <--- Main loop
NOTE: callTree: loop Main loop, Shelf_driver.F90      74
NOTE: solo_step_ice_shelf:  TIME in ice shelf call, yrs:    73.000000000000000
NOTE: solo_step_ice_shelf:  Ice model timestep =    31536000.000000000       seconds
NOTE:  ice_shelf_solve_outer: linear solve done in           20  iterations
NOTE:  ice_shelf_solve_outer: nonlinear fractional residual =    1.2440287517012758E-003
NOTE:  ice_shelf_solve_outer: linear solve done in           20  iterations
NOTE:  ice_shelf_solve_outer: nonlinear fractional residual =    8.2829695234364520E-004
NOTE:  ice_shelf_solve_outer: linear solve done in           20  iterations
NOTE:  ice_shelf_solve_outer: nonlinear fractional residual =    5.5172896350317484E-004
NOTE:  ice_shelf_solve_outer: linear solve done in           21  iterations
NOTE:  ice_shelf_solve_outer: nonlinear fractional residual =    3.6761090078328063E-004
NOTE:  ice_shelf_solve_outer: linear solve done in           21  iterations
NOTE:  ice_shelf_solve_outer: nonlinear fractional residual =    2.4498131928713793E-004
NOTE:  ice_shelf_solve_outer: linear solve done in           21  iterations
NOTE:  ice_shelf_solve_outer: nonlinear fractional residual =    1.6327972081952124E-004
NOTE:  ice_shelf_solve_outer: linear solve done in           21  iterations
NOTE:  ice_shelf_solve_outer: nonlinear fractional residual =    1.0883485550293476E-004
NOTE:  ice_shelf_solve_outer: linear solve done in           21  iterations
NOTE:  ice_shelf_solve_outer: nonlinear fractional residual =    7.2548440956744233E-005
NOTE:  ice_shelf_solve_outer: switching to Newton iterations at iter =            8
NOTE:  ice_shelf_solve_outer: nonlinear fractional residual =    7.2548440956744233E-005
NOTE:  ice_shelf_solve_outer: exiting nonlinear solve after            8  iterations
NOTE: callTree: <--- Main loop
NOTE: callTree: loop Main loop, Shelf_driver.F90      75
NOTE: solo_step_ice_shelf:  TIME in ice shelf call, yrs:    74.000000000000000
NOTE: solo_step_ice_shelf:  Ice model timestep =    31536000.000000000       seconds
NOTE:  ice_shelf_solve_outer: linear solve done in           20  iterations
NOTE:  ice_shelf_solve_outer: nonlinear fractional residual =    9.0702649759842352E-004
NOTE:  ice_shelf_solve_outer: linear solve done in           20  iterations
NOTE:  ice_shelf_solve_outer: nonlinear fractional residual =    6.0354726549246987E-004
NOTE:  ice_shelf_solve_outer: linear solve done in           20  iterations
NOTE:  ice_shelf_solve_outer: nonlinear fractional residual =    4.0185977325200308E-004
NOTE:  ice_shelf_solve_outer: linear solve done in           20  iterations
NOTE:  ice_shelf_solve_outer: nonlinear fractional residual =    2.6768212662930555E-004
NOTE:  ice_shelf_solve_outer: linear solve done in           20  iterations
NOTE:  ice_shelf_solve_outer: nonlinear fractional residual =    1.7835504846787150E-004
NOTE:  ice_shelf_solve_outer: linear solve done in           21  iterations
NOTE:  ice_shelf_solve_outer: nonlinear fractional residual =    1.1885906094608253E-004
NOTE:  ice_shelf_solve_outer: linear solve done in           21  iterations
NOTE:  ice_shelf_solve_outer: nonlinear fractional residual =    7.9219685269406570E-005
NOTE:  ice_shelf_solve_outer: switching to Newton iterations at iter =            7
NOTE:  ice_shelf_solve_outer: nonlinear fractional residual =    7.9219685269406570E-005
NOTE:  ice_shelf_solve_outer: exiting nonlinear solve after            7  iterations
NOTE: callTree: <--- Main loop
NOTE: callTree: loop Main loop, Shelf_driver.F90      76
NOTE: solo_step_ice_shelf:  TIME in ice shelf call, yrs:    75.000000000000000
NOTE: solo_step_ice_shelf:  Ice model timestep =    31536000.000000000       seconds
NOTE:  ice_shelf_solve_outer: linear solve done in           20  iterations
NOTE:  ice_shelf_solve_outer: nonlinear fractional residual =    1.2178543022368607E-003
NOTE:  ice_shelf_solve_outer: linear solve done in           20  iterations
NOTE:  ice_shelf_solve_outer: nonlinear fractional residual =    8.1084428265464797E-004
NOTE:  ice_shelf_solve_outer: linear solve done in           20  iterations
NOTE:  ice_shelf_solve_outer: nonlinear fractional residual =    5.4009253162272310E-004
NOTE:  ice_shelf_solve_outer: linear solve done in           20  iterations
NOTE:  ice_shelf_solve_outer: nonlinear fractional residual =    3.5985270231463724E-004
NOTE:  ice_shelf_solve_outer: linear solve done in           21  iterations
NOTE:  ice_shelf_solve_outer: nonlinear fractional residual =    2.3980893315142361E-004
NOTE:  ice_shelf_solve_outer: linear solve done in           21  iterations
NOTE:  ice_shelf_solve_outer: nonlinear fractional residual =    1.5983135146423189E-004
NOTE:  ice_shelf_solve_outer: linear solve done in           20  iterations
NOTE:  ice_shelf_solve_outer: nonlinear fractional residual =    1.0653589316199184E-004
NOTE:  ice_shelf_solve_outer: linear solve done in           21  iterations
NOTE:  ice_shelf_solve_outer: nonlinear fractional residual =    7.1015777398584210E-005
NOTE:  ice_shelf_solve_outer: switching to Newton iterations at iter =            8
NOTE:  ice_shelf_solve_outer: nonlinear fractional residual =    7.1015777398584210E-005
NOTE:  ice_shelf_solve_outer: exiting nonlinear solve after            8  iterations
NOTE: callTree: <--- Main loop
NOTE: callTree: loop Main loop, Shelf_driver.F90      77
NOTE: solo_step_ice_shelf:  TIME in ice shelf call, yrs:    76.000000000000000
NOTE: solo_step_ice_shelf:  Ice model timestep =    31536000.000000000       seconds
NOTE:  ice_shelf_solve_outer: linear solve done in           20  iterations
NOTE:  ice_shelf_solve_outer: nonlinear fractional residual =    1.1982916736200417E-003
NOTE:  ice_shelf_solve_outer: linear solve done in           20  iterations
NOTE:  ice_shelf_solve_outer: nonlinear fractional residual =    7.9783744380729920E-004
NOTE:  ice_shelf_solve_outer: linear solve done in           20  iterations
NOTE:  ice_shelf_solve_outer: nonlinear fractional residual =    5.3143681209479130E-004
NOTE:  ice_shelf_solve_outer: linear solve done in           20  iterations
NOTE:  ice_shelf_solve_outer: nonlinear fractional residual =    3.5408911161633963E-004
NOTE:  ice_shelf_solve_outer: linear solve done in           20  iterations
NOTE:  ice_shelf_solve_outer: nonlinear fractional residual =    2.3596959993132290E-004
NOTE:  ice_shelf_solve_outer: linear solve done in           21  iterations
NOTE:  ice_shelf_solve_outer: nonlinear fractional residual =    1.5727315624633316E-004
NOTE:  ice_shelf_solve_outer: linear solve done in           21  iterations
NOTE:  ice_shelf_solve_outer: nonlinear fractional residual =    1.0483103391871353E-004
NOTE:  ice_shelf_solve_outer: linear solve done in           21  iterations
NOTE:  ice_shelf_solve_outer: nonlinear fractional residual =    6.9879473206473802E-005
NOTE:  ice_shelf_solve_outer: switching to Newton iterations at iter =            8
NOTE:  ice_shelf_solve_outer: nonlinear fractional residual =    6.9879473206473802E-005
NOTE:  ice_shelf_solve_outer: exiting nonlinear solve after            8  iterations
NOTE: callTree: <--- Main loop
NOTE: callTree: loop Main loop, Shelf_driver.F90      78
NOTE: solo_step_ice_shelf:  TIME in ice shelf call, yrs:    77.000000000000000
NOTE: solo_step_ice_shelf:  Ice model timestep =    31536000.000000000       seconds
NOTE:  ice_shelf_solve_outer: linear solve done in           20  iterations
NOTE:  ice_shelf_solve_outer: nonlinear fractional residual =    1.1790739925027728E-003
NOTE:  ice_shelf_solve_outer: linear solve done in           20  iterations
NOTE:  ice_shelf_solve_outer: nonlinear fractional residual =    7.8505126319157979E-004
NOTE:  ice_shelf_solve_outer: linear solve done in           20  iterations
NOTE:  ice_shelf_solve_outer: nonlinear fractional residual =    5.2292407123642791E-004
NOTE:  ice_shelf_solve_outer: linear solve done in           20  iterations
NOTE:  ice_shelf_solve_outer: nonlinear fractional residual =    3.4841900779900551E-004
NOTE:  ice_shelf_solve_outer: linear solve done in           20  iterations
NOTE:  ice_shelf_solve_outer: nonlinear fractional residual =    2.3219177843298669E-004
NOTE:  ice_shelf_solve_outer: linear solve done in           21  iterations
NOTE:  ice_shelf_solve_outer: nonlinear fractional residual =    1.5475560707493835E-004
NOTE:  ice_shelf_solve_outer: linear solve done in           21  iterations
NOTE:  ice_shelf_solve_outer: nonlinear fractional residual =    1.0315311169049612E-004
NOTE:  ice_shelf_solve_outer: linear solve done in           20  iterations
NOTE:  ice_shelf_solve_outer: nonlinear fractional residual =    6.8761055836951207E-005
NOTE:  ice_shelf_solve_outer: switching to Newton iterations at iter =            8
NOTE:  ice_shelf_solve_outer: nonlinear fractional residual =    6.8761055836951207E-005
NOTE:  ice_shelf_solve_outer: exiting nonlinear solve after            8  iterations
NOTE: callTree: <--- Main loop
NOTE: callTree: loop Main loop, Shelf_driver.F90      79
NOTE: solo_step_ice_shelf:  TIME in ice shelf call, yrs:    78.000000000000000
NOTE: solo_step_ice_shelf:  Ice model timestep =    31536000.000000000       seconds
NOTE:  ice_shelf_solve_outer: linear solve done in           20  iterations
NOTE:  ice_shelf_solve_outer: nonlinear fractional residual =    1.3367074140029492E-003
NOTE:  ice_shelf_solve_outer: linear solve done in           20  iterations
NOTE:  ice_shelf_solve_outer: nonlinear fractional residual =    8.8966651655281073E-004
NOTE:  ice_shelf_solve_outer: linear solve done in           20  iterations
NOTE:  ice_shelf_solve_outer: nonlinear fractional residual =    5.9245746469803007E-004
NOTE:  ice_shelf_solve_outer: linear solve done in           20  iterations
NOTE:  ice_shelf_solve_outer: nonlinear fractional residual =    3.9468134715901857E-004
NOTE:  ice_shelf_solve_outer: linear solve done in           20  iterations
NOTE:  ice_shelf_solve_outer: nonlinear fractional residual =    2.6299192753349827E-004
NOTE:  ice_shelf_solve_outer: linear solve done in           21  iterations
NOTE:  ice_shelf_solve_outer: nonlinear fractional residual =    1.7527064629190329E-004
NOTE:  ice_shelf_solve_outer: linear solve done in           20  iterations
NOTE:  ice_shelf_solve_outer: nonlinear fractional residual =    1.1682163301495526E-004
NOTE:  ice_shelf_solve_outer: linear solve done in           21  iterations
NOTE:  ice_shelf_solve_outer: nonlinear fractional residual =    7.7869772243866275E-005
NOTE:  ice_shelf_solve_outer: switching to Newton iterations at iter =            8
NOTE:  ice_shelf_solve_outer: nonlinear fractional residual =    7.7869772243866275E-005
NOTE:  ice_shelf_solve_outer: exiting nonlinear solve after            8  iterations
NOTE: callTree: <--- Main loop
NOTE: callTree: loop Main loop, Shelf_driver.F90      80
NOTE: solo_step_ice_shelf:  TIME in ice shelf call, yrs:    79.000000000000000
NOTE: solo_step_ice_shelf:  Ice model timestep =    31536000.000000000       seconds
NOTE:  ice_shelf_solve_outer: linear solve done in           20  iterations
NOTE:  ice_shelf_solve_outer: nonlinear fractional residual =    1.1604501319352426E-003
NOTE:  ice_shelf_solve_outer: linear solve done in           20  iterations
NOTE:  ice_shelf_solve_outer: nonlinear fractional residual =    7.7264993258131657E-004
NOTE:  ice_shelf_solve_outer: linear solve done in           20  iterations
NOTE:  ice_shelf_solve_outer: nonlinear fractional residual =    5.1466299978903144E-004
NOTE:  ice_shelf_solve_outer: linear solve done in           20  iterations
NOTE:  ice_shelf_solve_outer: nonlinear fractional residual =    3.4291450903447645E-004
NOTE:  ice_shelf_solve_outer: linear solve done in           21  iterations
NOTE:  ice_shelf_solve_outer: nonlinear fractional residual =    2.2852339374210894E-004
NOTE:  ice_shelf_solve_outer: linear solve done in           21  iterations
NOTE:  ice_shelf_solve_outer: nonlinear fractional residual =    1.5231058693729958E-004
NOTE:  ice_shelf_solve_outer: linear solve done in           20  iterations
NOTE:  ice_shelf_solve_outer: nonlinear fractional residual =    1.0152335160547628E-004
NOTE:  ice_shelf_solve_outer: linear solve done in           21  iterations
NOTE:  ice_shelf_solve_outer: nonlinear fractional residual =    6.7674661441093008E-005
NOTE:  ice_shelf_solve_outer: switching to Newton iterations at iter =            8
NOTE:  ice_shelf_solve_outer: nonlinear fractional residual =    6.7674661441093008E-005
NOTE:  ice_shelf_solve_outer: exiting nonlinear solve after            8  iterations
NOTE: callTree: <--- Main loop
NOTE: callTree: loop Main loop, Shelf_driver.F90      81
NOTE: solo_step_ice_shelf:  TIME in ice shelf call, yrs:    80.000000000000000
NOTE: solo_step_ice_shelf:  Ice model timestep =    31536000.000000000       seconds
NOTE:  ice_shelf_solve_outer: linear solve done in           20  iterations
NOTE:  ice_shelf_solve_outer: nonlinear fractional residual =    1.8760750003379962E-003
NOTE:  ice_shelf_solve_outer: linear solve done in           20  iterations
NOTE:  ice_shelf_solve_outer: nonlinear fractional residual =    1.2465028387570057E-003
NOTE:  ice_shelf_solve_outer: linear solve done in           20  iterations
NOTE:  ice_shelf_solve_outer: nonlinear fractional residual =    8.2913612520331143E-004
NOTE:  ice_shelf_solve_outer: linear solve done in           20  iterations
NOTE:  ice_shelf_solve_outer: nonlinear fractional residual =    5.5193026862863134E-004
NOTE:  ice_shelf_solve_outer: linear solve done in           20  iterations
NOTE:  ice_shelf_solve_outer: nonlinear fractional residual =    3.6758650615102586E-004
NOTE:  ice_shelf_solve_outer: linear solve done in           20  iterations
NOTE:  ice_shelf_solve_outer: nonlinear fractional residual =    2.4489473943229491E-004
NOTE:  ice_shelf_solve_outer: linear solve done in           20  iterations
NOTE:  ice_shelf_solve_outer: nonlinear fractional residual =    1.6319079911276794E-004
NOTE:  ice_shelf_solve_outer: linear solve done in           22  iterations
NOTE:  ice_shelf_solve_outer: nonlinear fractional residual =    1.0876172218030167E-004
NOTE:  ice_shelf_solve_outer: linear solve done in           20  iterations
NOTE:  ice_shelf_solve_outer: nonlinear fractional residual =    7.2493533428931735E-005
NOTE:  ice_shelf_solve_outer: switching to Newton iterations at iter =            9
NOTE:  ice_shelf_solve_outer: nonlinear fractional residual =    7.2493533428931735E-005
NOTE:  ice_shelf_solve_outer: exiting nonlinear solve after            9  iterations
NOTE: callTree: <--- Main loop
NOTE: callTree: loop Main loop, Shelf_driver.F90      82
NOTE: solo_step_ice_shelf:  TIME in ice shelf call, yrs:    81.000000000000000
NOTE: solo_step_ice_shelf:  Ice model timestep =    31536000.000000000       seconds
NOTE:  ice_shelf_solve_outer: linear solve done in           20  iterations
NOTE:  ice_shelf_solve_outer: nonlinear fractional residual =    1.1225138310854141E-003
NOTE:  ice_shelf_solve_outer: linear solve done in           20  iterations
NOTE:  ice_shelf_solve_outer: nonlinear fractional residual =    7.4740169414372955E-004
NOTE:  ice_shelf_solve_outer: linear solve done in           20  iterations
NOTE:  ice_shelf_solve_outer: nonlinear fractional residual =    4.9784979075713964E-004
NOTE:  ice_shelf_solve_outer: linear solve done in           20  iterations
NOTE:  ice_shelf_solve_outer: nonlinear fractional residual =    3.3171412741012785E-004
NOTE:  ice_shelf_solve_outer: linear solve done in           21  iterations
NOTE:  ice_shelf_solve_outer: nonlinear fractional residual =    2.2106021664299543E-004
NOTE:  ice_shelf_solve_outer: linear solve done in           21  iterations
NOTE:  ice_shelf_solve_outer: nonlinear fractional residual =    1.4733679988743428E-004
NOTE:  ice_shelf_solve_outer: linear solve done in           21  iterations
NOTE:  ice_shelf_solve_outer: nonlinear fractional residual =    9.8208233129595387E-005
NOTE:  ice_shelf_solve_outer: switching to Newton iterations at iter =            7
NOTE:  ice_shelf_solve_outer: nonlinear fractional residual =    9.8208233129595387E-005
NOTE:  ice_shelf_solve_outer: exiting nonlinear solve after            7  iterations
NOTE: callTree: <--- Main loop
NOTE: callTree: loop Main loop, Shelf_driver.F90      83
NOTE: solo_step_ice_shelf:  TIME in ice shelf call, yrs:    82.000000000000000
NOTE: solo_step_ice_shelf:  Ice model timestep =    31536000.000000000       seconds
NOTE:  ice_shelf_solve_outer: linear solve done in           20  iterations
NOTE:  ice_shelf_solve_outer: nonlinear fractional residual =    1.5698529128076858E-003
NOTE:  ice_shelf_solve_outer: linear solve done in           20  iterations
NOTE:  ice_shelf_solve_outer: nonlinear fractional residual =    1.0424949763925629E-003
NOTE:  ice_shelf_solve_outer: linear solve done in           20  iterations
NOTE:  ice_shelf_solve_outer: nonlinear fractional residual =    6.9319238516813862E-004
NOTE:  ice_shelf_solve_outer: linear solve done in           20  iterations
NOTE:  ice_shelf_solve_outer: nonlinear fractional residual =    4.6132820446098942E-004
NOTE:  ice_shelf_solve_outer: linear solve done in           20  iterations
NOTE:  ice_shelf_solve_outer: nonlinear fractional residual =    3.0719710290011361E-004
NOTE:  ice_shelf_solve_outer: linear solve done in           20  iterations
NOTE:  ice_shelf_solve_outer: nonlinear fractional residual =    2.0464043737937880E-004
NOTE:  ice_shelf_solve_outer: linear solve done in           21  iterations
NOTE:  ice_shelf_solve_outer: nonlinear fractional residual =    1.3635694750973822E-004
NOTE:  ice_shelf_solve_outer: linear solve done in           21  iterations
NOTE:  ice_shelf_solve_outer: nonlinear fractional residual =    9.0873529998616821E-005
NOTE:  ice_shelf_solve_outer: switching to Newton iterations at iter =            8
NOTE:  ice_shelf_solve_outer: nonlinear fractional residual =    9.0873529998616821E-005
NOTE:  ice_shelf_solve_outer: exiting nonlinear solve after            8  iterations
NOTE: callTree: <--- Main loop
NOTE: callTree: loop Main loop, Shelf_driver.F90      84
NOTE: solo_step_ice_shelf:  TIME in ice shelf call, yrs:    83.000000000000000
NOTE: solo_step_ice_shelf:  Ice model timestep =    31536000.000000000       seconds
NOTE:  ice_shelf_solve_outer: linear solve done in           20  iterations
NOTE:  ice_shelf_solve_outer: nonlinear fractional residual =    1.0821925775016334E-003
NOTE:  ice_shelf_solve_outer: linear solve done in           20  iterations
NOTE:  ice_shelf_solve_outer: nonlinear fractional residual =    7.4320928434044062E-004
NOTE:  ice_shelf_solve_outer: linear solve done in           20  iterations
NOTE:  ice_shelf_solve_outer: nonlinear fractional residual =    5.0524433654684743E-004
NOTE:  ice_shelf_solve_outer: linear solve done in           20  iterations
NOTE:  ice_shelf_solve_outer: nonlinear fractional residual =    3.4120403516420175E-004
NOTE:  ice_shelf_solve_outer: linear solve done in           20  iterations
NOTE:  ice_shelf_solve_outer: nonlinear fractional residual =    2.2942297407028498E-004
NOTE:  ice_shelf_solve_outer: linear solve done in           20  iterations
NOTE:  ice_shelf_solve_outer: nonlinear fractional residual =    1.5381971958207494E-004
NOTE:  ice_shelf_solve_outer: linear solve done in           20  iterations
NOTE:  ice_shelf_solve_outer: nonlinear fractional residual =    1.0293445140193515E-004
NOTE:  ice_shelf_solve_outer: linear solve done in           21  iterations
NOTE:  ice_shelf_solve_outer: nonlinear fractional residual =    6.8795646298356976E-005
NOTE:  ice_shelf_solve_outer: switching to Newton iterations at iter =            8
NOTE:  ice_shelf_solve_outer: nonlinear fractional residual =    6.8795646298356976E-005
NOTE:  ice_shelf_solve_outer: exiting nonlinear solve after            8  iterations
NOTE: callTree: <--- Main loop
NOTE: callTree: loop Main loop, Shelf_driver.F90      85
NOTE: solo_step_ice_shelf:  TIME in ice shelf call, yrs:    84.000000000000000
NOTE: solo_step_ice_shelf:  Ice model timestep =    31536000.000000000       seconds
NOTE:  ice_shelf_solve_outer: linear solve done in           20  iterations
NOTE:  ice_shelf_solve_outer: nonlinear fractional residual =    1.0064359935319234E-003
NOTE:  ice_shelf_solve_outer: linear solve done in           20  iterations
NOTE:  ice_shelf_solve_outer: nonlinear fractional residual =    6.7013727955161711E-004
NOTE:  ice_shelf_solve_outer: linear solve done in           20  iterations
NOTE:  ice_shelf_solve_outer: nonlinear fractional residual =    4.4639388491273831E-004
NOTE:  ice_shelf_solve_outer: linear solve done in           21  iterations
NOTE:  ice_shelf_solve_outer: nonlinear fractional residual =    2.9743406164001521E-004
NOTE:  ice_shelf_solve_outer: linear solve done in           21  iterations
NOTE:  ice_shelf_solve_outer: nonlinear fractional residual =    1.9821745058850557E-004
NOTE:  ice_shelf_solve_outer: linear solve done in           21  iterations
NOTE:  ice_shelf_solve_outer: nonlinear fractional residual =    1.3211300510370511E-004
NOTE:  ice_shelf_solve_outer: linear solve done in           21  iterations
NOTE:  ice_shelf_solve_outer: nonlinear fractional residual =    8.8061132749810015E-005
NOTE:  ice_shelf_solve_outer: switching to Newton iterations at iter =            7
NOTE:  ice_shelf_solve_outer: nonlinear fractional residual =    8.8061132749810015E-005
NOTE:  ice_shelf_solve_outer: exiting nonlinear solve after            7  iterations
NOTE: callTree: <--- Main loop
NOTE: callTree: loop Main loop, Shelf_driver.F90      86
NOTE: solo_step_ice_shelf:  TIME in ice shelf call, yrs:    85.000000000000000
NOTE: solo_step_ice_shelf:  Ice model timestep =    31536000.000000000       seconds
NOTE:  ice_shelf_solve_outer: linear solve done in           20  iterations
NOTE:  ice_shelf_solve_outer: nonlinear fractional residual =    1.0728893565599012E-003
NOTE:  ice_shelf_solve_outer: linear solve done in           20  iterations
NOTE:  ice_shelf_solve_outer: nonlinear fractional residual =    7.1438750178486911E-004
NOTE:  ice_shelf_solve_outer: linear solve done in           20  iterations
NOTE:  ice_shelf_solve_outer: nonlinear fractional residual =    4.7587089662180581E-004
NOTE:  ice_shelf_solve_outer: linear solve done in           20  iterations
NOTE:  ice_shelf_solve_outer: nonlinear fractional residual =    3.1707511376305512E-004
NOTE:  ice_shelf_solve_outer: linear solve done in           20  iterations
NOTE:  ice_shelf_solve_outer: nonlinear fractional residual =    2.1130691104203128E-004
NOTE:  ice_shelf_solve_outer: linear solve done in           21  iterations
NOTE:  ice_shelf_solve_outer: nonlinear fractional residual =    1.4083727856893324E-004
NOTE:  ice_shelf_solve_outer: linear solve done in           21  iterations
NOTE:  ice_shelf_solve_outer: nonlinear fractional residual =    9.3876411076291815E-005
NOTE:  ice_shelf_solve_outer: switching to Newton iterations at iter =            7
NOTE:  ice_shelf_solve_outer: nonlinear fractional residual =    9.3876411076291815E-005
NOTE:  ice_shelf_solve_outer: exiting nonlinear solve after            7  iterations
NOTE: callTree: <--- Main loop
NOTE: callTree: loop Main loop, Shelf_driver.F90      87
NOTE: solo_step_ice_shelf:  TIME in ice shelf call, yrs:    86.000000000000000
NOTE: solo_step_ice_shelf:  Ice model timestep =    31536000.000000000       seconds
NOTE:  ice_shelf_solve_outer: linear solve done in           20  iterations
NOTE:  ice_shelf_solve_outer: nonlinear fractional residual =    1.0923364909141552E-003
NOTE:  ice_shelf_solve_outer: linear solve done in           20  iterations
NOTE:  ice_shelf_solve_outer: nonlinear fractional residual =    7.2731812024796980E-004
NOTE:  ice_shelf_solve_outer: linear solve done in           20  iterations
NOTE:  ice_shelf_solve_outer: nonlinear fractional residual =    4.8447614033944472E-004
NOTE:  ice_shelf_solve_outer: linear solve done in           20  iterations
NOTE:  ice_shelf_solve_outer: nonlinear fractional residual =    3.2280520240569318E-004
NOTE:  ice_shelf_solve_outer: linear solve done in           20  iterations
NOTE:  ice_shelf_solve_outer: nonlinear fractional residual =    2.1512397471313676E-004
NOTE:  ice_shelf_solve_outer: linear solve done in           21  iterations
NOTE:  ice_shelf_solve_outer: nonlinear fractional residual =    1.4338065649088653E-004
NOTE:  ice_shelf_solve_outer: linear solve done in           20  iterations
NOTE:  ice_shelf_solve_outer: nonlinear fractional residual =    9.5571404640556410E-005
NOTE:  ice_shelf_solve_outer: switching to Newton iterations at iter =            7
NOTE:  ice_shelf_solve_outer: nonlinear fractional residual =    9.5571404640556410E-005
NOTE:  ice_shelf_solve_outer: exiting nonlinear solve after            7  iterations
NOTE: callTree: <--- Main loop
NOTE: callTree: loop Main loop, Shelf_driver.F90      88
NOTE: solo_step_ice_shelf:  TIME in ice shelf call, yrs:    87.000000000000000
NOTE: solo_step_ice_shelf:  Ice model timestep =    31536000.000000000       seconds
NOTE:  ice_shelf_solve_outer: linear solve done in           20  iterations
NOTE:  ice_shelf_solve_outer: nonlinear fractional residual =    1.2871145405337504E-003
NOTE:  ice_shelf_solve_outer: linear solve done in           20  iterations
NOTE:  ice_shelf_solve_outer: nonlinear fractional residual =    8.5651440303736385E-004
NOTE:  ice_shelf_solve_outer: linear solve done in           20  iterations
NOTE:  ice_shelf_solve_outer: nonlinear fractional residual =    5.7031630000510308E-004
NOTE:  ice_shelf_solve_outer: linear solve done in           20  iterations
NOTE:  ice_shelf_solve_outer: nonlinear fractional residual =    3.7990299867179635E-004
NOTE:  ice_shelf_solve_outer: linear solve done in           20  iterations
NOTE:  ice_shelf_solve_outer: nonlinear fractional residual =    2.5313191534511852E-004
NOTE:  ice_shelf_solve_outer: linear solve done in           21  iterations
NOTE:  ice_shelf_solve_outer: nonlinear fractional residual =    1.6869385519522765E-004
NOTE:  ice_shelf_solve_outer: linear solve done in           21  iterations
NOTE:  ice_shelf_solve_outer: nonlinear fractional residual =    1.1243557495791784E-004
NOTE:  ice_shelf_solve_outer: linear solve done in           22  iterations
NOTE:  ice_shelf_solve_outer: nonlinear fractional residual =    7.4945054115573671E-005
NOTE:  ice_shelf_solve_outer: switching to Newton iterations at iter =            8
NOTE:  ice_shelf_solve_outer: nonlinear fractional residual =    7.4945054115573671E-005
NOTE:  ice_shelf_solve_outer: exiting nonlinear solve after            8  iterations
NOTE: callTree: <--- Main loop
NOTE: callTree: loop Main loop, Shelf_driver.F90      89
NOTE: solo_step_ice_shelf:  TIME in ice shelf call, yrs:    88.000000000000000
NOTE: solo_step_ice_shelf:  Ice model timestep =    31536000.000000000       seconds
NOTE:  ice_shelf_solve_outer: linear solve done in           20  iterations
NOTE:  ice_shelf_solve_outer: nonlinear fractional residual =    3.1846897598133681E-003
NOTE:  ice_shelf_solve_outer: linear solve done in           20  iterations
NOTE:  ice_shelf_solve_outer: nonlinear fractional residual =    2.1071389799535724E-003
NOTE:  ice_shelf_solve_outer: linear solve done in           20  iterations
NOTE:  ice_shelf_solve_outer: nonlinear fractional residual =    1.3977037481007054E-003
NOTE:  ice_shelf_solve_outer: linear solve done in           20  iterations
NOTE:  ice_shelf_solve_outer: nonlinear fractional residual =    9.2868144491114590E-004
NOTE:  ice_shelf_solve_outer: linear solve done in           20  iterations
NOTE:  ice_shelf_solve_outer: nonlinear fractional residual =    6.1773818857716826E-004
NOTE:  ice_shelf_solve_outer: linear solve done in           20  iterations
NOTE:  ice_shelf_solve_outer: nonlinear fractional residual =    4.1121218254708405E-004
NOTE:  ice_shelf_solve_outer: linear solve done in           20  iterations
NOTE:  ice_shelf_solve_outer: nonlinear fractional residual =    2.7386926904194393E-004
NOTE:  ice_shelf_solve_outer: linear solve done in           20  iterations
NOTE:  ice_shelf_solve_outer: nonlinear fractional residual =    1.8245865458931795E-004
NOTE:  ice_shelf_solve_outer: linear solve done in           20  iterations
NOTE:  ice_shelf_solve_outer: nonlinear fractional residual =    1.2158542128630449E-004
NOTE:  ice_shelf_solve_outer: linear solve done in           22  iterations
NOTE:  ice_shelf_solve_outer: nonlinear fractional residual =    8.1033099193611056E-005
NOTE:  ice_shelf_solve_outer: switching to Newton iterations at iter =           10
NOTE:  ice_shelf_solve_outer: nonlinear fractional residual =    8.1033099193611056E-005
NOTE:  ice_shelf_solve_outer: exiting nonlinear solve after           10  iterations
NOTE: callTree: <--- Main loop
NOTE: callTree: loop Main loop, Shelf_driver.F90      90
NOTE: solo_step_ice_shelf:  TIME in ice shelf call, yrs:    89.000000000000000
NOTE: solo_step_ice_shelf:  Ice model timestep =    31536000.000000000       seconds
NOTE:  ice_shelf_solve_outer: linear solve done in           20  iterations
NOTE:  ice_shelf_solve_outer: nonlinear fractional residual =    1.0310129014211020E-003
NOTE:  ice_shelf_solve_outer: linear solve done in           20  iterations
NOTE:  ice_shelf_solve_outer: nonlinear fractional residual =    6.8651821225882272E-004
NOTE:  ice_shelf_solve_outer: linear solve done in           20  iterations
NOTE:  ice_shelf_solve_outer: nonlinear fractional residual =    4.5731284678296572E-004
NOTE:  ice_shelf_solve_outer: linear solve done in           20  iterations
NOTE:  ice_shelf_solve_outer: nonlinear fractional residual =    3.0471262133738693E-004
NOTE:  ice_shelf_solve_outer: linear solve done in           21  iterations
NOTE:  ice_shelf_solve_outer: nonlinear fractional residual =    2.0306948931479696E-004
NOTE:  ice_shelf_solve_outer: linear solve done in           21  iterations
NOTE:  ice_shelf_solve_outer: nonlinear fractional residual =    1.3534754817761622E-004
NOTE:  ice_shelf_solve_outer: linear solve done in           21  iterations
NOTE:  ice_shelf_solve_outer: nonlinear fractional residual =    9.0217428031771966E-005
NOTE:  ice_shelf_solve_outer: switching to Newton iterations at iter =            7
NOTE:  ice_shelf_solve_outer: nonlinear fractional residual =    9.0217428031771966E-005
NOTE:  ice_shelf_solve_outer: exiting nonlinear solve after            7  iterations
NOTE: callTree: <--- Main loop
NOTE: callTree: loop Main loop, Shelf_driver.F90      91
NOTE: solo_step_ice_shelf:  TIME in ice shelf call, yrs:    90.000000000000000
NOTE: solo_step_ice_shelf:  Ice model timestep =    31536000.000000000       seconds
NOTE:  ice_shelf_solve_outer: linear solve done in           20  iterations
NOTE:  ice_shelf_solve_outer: nonlinear fractional residual =    1.0257293252181427E-003
NOTE:  ice_shelf_solve_outer: linear solve done in           20  iterations
NOTE:  ice_shelf_solve_outer: nonlinear fractional residual =    6.8297947179981103E-004
NOTE:  ice_shelf_solve_outer: linear solve done in           20  iterations
NOTE:  ice_shelf_solve_outer: nonlinear fractional residual =    4.5494643398551069E-004
NOTE:  ice_shelf_solve_outer: linear solve done in           20  iterations
NOTE:  ice_shelf_solve_outer: nonlinear fractional residual =    3.0313179539166762E-004
NOTE:  ice_shelf_solve_outer: linear solve done in           22  iterations
NOTE:  ice_shelf_solve_outer: nonlinear fractional residual =    2.0201417624194338E-004
NOTE:  ice_shelf_solve_outer: linear solve done in           20  iterations
NOTE:  ice_shelf_solve_outer: nonlinear fractional residual =    1.3464337168217933E-004
NOTE:  ice_shelf_solve_outer: linear solve done in           20  iterations
NOTE:  ice_shelf_solve_outer: nonlinear fractional residual =    8.9747695097278530E-005
NOTE:  ice_shelf_solve_outer: switching to Newton iterations at iter =            7
NOTE:  ice_shelf_solve_outer: nonlinear fractional residual =    8.9747695097278530E-005
NOTE:  ice_shelf_solve_outer: exiting nonlinear solve after            7  iterations
NOTE: callTree: <--- Main loop
NOTE: callTree: loop Main loop, Shelf_driver.F90      92
NOTE: solo_step_ice_shelf:  TIME in ice shelf call, yrs:    91.000000000000000
NOTE: solo_step_ice_shelf:  Ice model timestep =    31536000.000000000       seconds
NOTE:  ice_shelf_solve_outer: linear solve done in           20  iterations
NOTE:  ice_shelf_solve_outer: nonlinear fractional residual =    9.8117199437914183E-004
NOTE:  ice_shelf_solve_outer: linear solve done in           20  iterations
NOTE:  ice_shelf_solve_outer: nonlinear fractional residual =    6.5333894640690656E-004
NOTE:  ice_shelf_solve_outer: linear solve done in           20  iterations
NOTE:  ice_shelf_solve_outer: nonlinear fractional residual =    4.3521468042032334E-004
NOTE:  ice_shelf_solve_outer: linear solve done in           20  iterations
NOTE:  ice_shelf_solve_outer: nonlinear fractional residual =    2.8998999964466234E-004
NOTE:  ice_shelf_solve_outer: linear solve done in           22  iterations
NOTE:  ice_shelf_solve_outer: nonlinear fractional residual =    1.9325862594591340E-004
NOTE:  ice_shelf_solve_outer: linear solve done in           20  iterations
NOTE:  ice_shelf_solve_outer: nonlinear fractional residual =    1.2880884767885057E-004
NOTE:  ice_shelf_solve_outer: linear solve done in           21  iterations
NOTE:  ice_shelf_solve_outer: nonlinear fractional residual =    8.5859127499009254E-005
NOTE:  ice_shelf_solve_outer: switching to Newton iterations at iter =            7
NOTE:  ice_shelf_solve_outer: nonlinear fractional residual =    8.5859127499009254E-005
NOTE:  ice_shelf_solve_outer: exiting nonlinear solve after            7  iterations
NOTE: callTree: <--- Main loop
NOTE: callTree: loop Main loop, Shelf_driver.F90      93
NOTE: solo_step_ice_shelf:  TIME in ice shelf call, yrs:    92.000000000000000
NOTE: solo_step_ice_shelf:  Ice model timestep =    31536000.000000000       seconds
NOTE:  ice_shelf_solve_outer: linear solve done in           20  iterations
NOTE:  ice_shelf_solve_outer: nonlinear fractional residual =    1.0023566192168176E-003
NOTE:  ice_shelf_solve_outer: linear solve done in           20  iterations
NOTE:  ice_shelf_solve_outer: nonlinear fractional residual =    6.6742344791705728E-004
NOTE:  ice_shelf_solve_outer: linear solve done in           20  iterations
NOTE:  ice_shelf_solve_outer: nonlinear fractional residual =    4.4458720761443051E-004
NOTE:  ice_shelf_solve_outer: linear solve done in           20  iterations
NOTE:  ice_shelf_solve_outer: nonlinear fractional residual =    2.9623073624881097E-004
NOTE:  ice_shelf_solve_outer: linear solve done in           21  iterations
NOTE:  ice_shelf_solve_outer: nonlinear fractional residual =    1.9741573289220362E-004
NOTE:  ice_shelf_solve_outer: linear solve done in           21  iterations
NOTE:  ice_shelf_solve_outer: nonlinear fractional residual =    1.3157874820313655E-004
NOTE:  ice_shelf_solve_outer: linear solve done in           21  iterations
NOTE:  ice_shelf_solve_outer: nonlinear fractional residual =    8.7705059874418074E-005
NOTE:  ice_shelf_solve_outer: switching to Newton iterations at iter =            7
NOTE:  ice_shelf_solve_outer: nonlinear fractional residual =    8.7705059874418074E-005
NOTE:  ice_shelf_solve_outer: exiting nonlinear solve after            7  iterations
NOTE: callTree: <--- Main loop
NOTE: callTree: loop Main loop, Shelf_driver.F90      94
NOTE: solo_step_ice_shelf:  TIME in ice shelf call, yrs:    93.000000000000000
NOTE: solo_step_ice_shelf:  Ice model timestep =    31536000.000000000       seconds
NOTE:  ice_shelf_solve_outer: linear solve done in           20  iterations
NOTE:  ice_shelf_solve_outer: nonlinear fractional residual =    1.5189727543170786E-003
NOTE:  ice_shelf_solve_outer: linear solve done in           20  iterations
NOTE:  ice_shelf_solve_outer: nonlinear fractional residual =    1.0018604517549037E-003
NOTE:  ice_shelf_solve_outer: linear solve done in           20  iterations
NOTE:  ice_shelf_solve_outer: nonlinear fractional residual =    6.6313876995581576E-004
NOTE:  ice_shelf_solve_outer: linear solve done in           20  iterations
NOTE:  ice_shelf_solve_outer: nonlinear fractional residual =    4.3998112340408587E-004
NOTE:  ice_shelf_solve_outer: linear solve done in           20  iterations
NOTE:  ice_shelf_solve_outer: nonlinear fractional residual =    2.9238465899055150E-004
NOTE:  ice_shelf_solve_outer: linear solve done in           20  iterations
NOTE:  ice_shelf_solve_outer: nonlinear fractional residual =    1.9450774791973275E-004
NOTE:  ice_shelf_solve_outer: linear solve done in           20  iterations
NOTE:  ice_shelf_solve_outer: nonlinear fractional residual =    1.2948742967910942E-004
NOTE:  ice_shelf_solve_outer: linear solve done in           20  iterations
NOTE:  ice_shelf_solve_outer: nonlinear fractional residual =    8.6243056664520197E-005
NOTE:  ice_shelf_solve_outer: switching to Newton iterations at iter =            8
NOTE:  ice_shelf_solve_outer: nonlinear fractional residual =    8.6243056664520197E-005
NOTE:  ice_shelf_solve_outer: exiting nonlinear solve after            8  iterations
NOTE: callTree: <--- Main loop
NOTE: callTree: loop Main loop, Shelf_driver.F90      95
NOTE: solo_step_ice_shelf:  TIME in ice shelf call, yrs:    94.000000000000000
NOTE: solo_step_ice_shelf:  Ice model timestep =    31536000.000000000       seconds
NOTE:  ice_shelf_solve_outer: linear solve done in           20  iterations
NOTE:  ice_shelf_solve_outer: nonlinear fractional residual =    1.3168858122385176E-003
NOTE:  ice_shelf_solve_outer: linear solve done in           20  iterations
NOTE:  ice_shelf_solve_outer: nonlinear fractional residual =    8.7611579265882140E-004
NOTE:  ice_shelf_solve_outer: linear solve done in           20  iterations
NOTE:  ice_shelf_solve_outer: nonlinear fractional residual =    5.8327480958716082E-004
NOTE:  ice_shelf_solve_outer: linear solve done in           21  iterations
NOTE:  ice_shelf_solve_outer: nonlinear fractional residual =    3.8849361516208843E-004
NOTE:  ice_shelf_solve_outer: linear solve done in           21  iterations
NOTE:  ice_shelf_solve_outer: nonlinear fractional residual =    2.5883751286733670E-004
NOTE:  ice_shelf_solve_outer: linear solve done in           20  iterations
NOTE:  ice_shelf_solve_outer: nonlinear fractional residual =    1.7248804846650541E-004
NOTE:  ice_shelf_solve_outer: linear solve done in           21  iterations
NOTE:  ice_shelf_solve_outer: nonlinear fractional residual =    1.1496080000954918E-004
NOTE:  ice_shelf_solve_outer: linear solve done in           21  iterations
NOTE:  ice_shelf_solve_outer: nonlinear fractional residual =    7.6626655066452709E-005
NOTE:  ice_shelf_solve_outer: switching to Newton iterations at iter =            8
NOTE:  ice_shelf_solve_outer: nonlinear fractional residual =    7.6626655066452709E-005
NOTE:  ice_shelf_solve_outer: exiting nonlinear solve after            8  iterations
NOTE: callTree: <--- Main loop
NOTE: callTree: loop Main loop, Shelf_driver.F90      96
NOTE: solo_step_ice_shelf:  TIME in ice shelf call, yrs:    95.000000000000000
NOTE: solo_step_ice_shelf:  Ice model timestep =    31536000.000000000       seconds
NOTE:  ice_shelf_solve_outer: linear solve done in           20  iterations
NOTE:  ice_shelf_solve_outer: nonlinear fractional residual =    9.5739041401329556E-004
NOTE:  ice_shelf_solve_outer: linear solve done in           20  iterations
NOTE:  ice_shelf_solve_outer: nonlinear fractional residual =    6.3750059555907584E-004
NOTE:  ice_shelf_solve_outer: linear solve done in           20  iterations
NOTE:  ice_shelf_solve_outer: nonlinear fractional residual =    4.2466290441884832E-004
NOTE:  ice_shelf_solve_outer: linear solve done in           20  iterations
NOTE:  ice_shelf_solve_outer: nonlinear fractional residual =    2.8295864853938066E-004
NOTE:  ice_shelf_solve_outer: linear solve done in           21  iterations
NOTE:  ice_shelf_solve_outer: nonlinear fractional residual =    1.8857246527033932E-004
NOTE:  ice_shelf_solve_outer: linear solve done in           20  iterations
NOTE:  ice_shelf_solve_outer: nonlinear fractional residual =    1.2568536572542033E-004
NOTE:  ice_shelf_solve_outer: linear solve done in           21  iterations
NOTE:  ice_shelf_solve_outer: nonlinear fractional residual =    8.3777084235268765E-005
NOTE:  ice_shelf_solve_outer: switching to Newton iterations at iter =            7
NOTE:  ice_shelf_solve_outer: nonlinear fractional residual =    8.3777084235268765E-005
NOTE:  ice_shelf_solve_outer: exiting nonlinear solve after            7  iterations
NOTE: callTree: <--- Main loop
NOTE: callTree: loop Main loop, Shelf_driver.F90      97
NOTE: solo_step_ice_shelf:  TIME in ice shelf call, yrs:    96.000000000000000
NOTE: solo_step_ice_shelf:  Ice model timestep =    31536000.000000000       seconds
NOTE:  ice_shelf_solve_outer: linear solve done in           20  iterations
NOTE:  ice_shelf_solve_outer: nonlinear fractional residual =    8.9952096141619547E-004
NOTE:  ice_shelf_solve_outer: linear solve done in           20  iterations
NOTE:  ice_shelf_solve_outer: nonlinear fractional residual =    5.9530358936460534E-004
NOTE:  ice_shelf_solve_outer: linear solve done in           20  iterations
NOTE:  ice_shelf_solve_outer: nonlinear fractional residual =    3.9492757270775535E-004
NOTE:  ice_shelf_solve_outer: linear solve done in           20  iterations
NOTE:  ice_shelf_solve_outer: nonlinear fractional residual =    2.6242330514771153E-004
NOTE:  ice_shelf_solve_outer: linear solve done in           20  iterations
NOTE:  ice_shelf_solve_outer: nonlinear fractional residual =    1.7456620939500383E-004
NOTE:  ice_shelf_solve_outer: linear solve done in           20  iterations
NOTE:  ice_shelf_solve_outer: nonlinear fractional residual =    1.1620750095243995E-004
NOTE:  ice_shelf_solve_outer: linear solve done in           20  iterations
NOTE:  ice_shelf_solve_outer: nonlinear fractional residual =    7.7396153571929820E-005
NOTE:  ice_shelf_solve_outer: switching to Newton iterations at iter =            7
NOTE:  ice_shelf_solve_outer: nonlinear fractional residual =    7.7396153571929820E-005
NOTE:  ice_shelf_solve_outer: exiting nonlinear solve after            7  iterations
NOTE: callTree: <--- Main loop
NOTE: callTree: loop Main loop, Shelf_driver.F90      98
NOTE: solo_step_ice_shelf:  TIME in ice shelf call, yrs:    97.000000000000000
NOTE: solo_step_ice_shelf:  Ice model timestep =    31536000.000000000       seconds
NOTE:  ice_shelf_solve_outer: linear solve done in           20  iterations
NOTE:  ice_shelf_solve_outer: nonlinear fractional residual =    2.1118143697989086E-003
NOTE:  ice_shelf_solve_outer: linear solve done in           20  iterations
NOTE:  ice_shelf_solve_outer: nonlinear fractional residual =    1.4515921071032449E-003
NOTE:  ice_shelf_solve_outer: linear solve done in           20  iterations
NOTE:  ice_shelf_solve_outer: nonlinear fractional residual =    9.8747561295553423E-004
NOTE:  ice_shelf_solve_outer: linear solve done in           20  iterations
NOTE:  ice_shelf_solve_outer: nonlinear fractional residual =    6.6718904183899548E-004
NOTE:  ice_shelf_solve_outer: linear solve done in           20  iterations
NOTE:  ice_shelf_solve_outer: nonlinear fractional residual =    4.4876421519338518E-004
NOTE:  ice_shelf_solve_outer: linear solve done in           20  iterations
NOTE:  ice_shelf_solve_outer: nonlinear fractional residual =    3.0094972394674013E-004
NOTE:  ice_shelf_solve_outer: linear solve done in           21  iterations
NOTE:  ice_shelf_solve_outer: nonlinear fractional residual =    2.0142392217883397E-004
NOTE:  ice_shelf_solve_outer: linear solve done in           20  iterations
NOTE:  ice_shelf_solve_outer: nonlinear fractional residual =    1.3463481561158824E-004
NOTE:  ice_shelf_solve_outer: linear solve done in           20  iterations
NOTE:  ice_shelf_solve_outer: nonlinear fractional residual =    8.9913298639845469E-005
NOTE:  ice_shelf_solve_outer: switching to Newton iterations at iter =            9
NOTE:  ice_shelf_solve_outer: nonlinear fractional residual =    8.9913298639845469E-005
NOTE:  ice_shelf_solve_outer: exiting nonlinear solve after            9  iterations
NOTE: callTree: <--- Main loop
NOTE: callTree: loop Main loop, Shelf_driver.F90      99
NOTE: solo_step_ice_shelf:  TIME in ice shelf call, yrs:    98.000000000000000
NOTE: solo_step_ice_shelf:  Ice model timestep =    31536000.000000000       seconds
NOTE:  ice_shelf_solve_outer: linear solve done in           20  iterations
NOTE:  ice_shelf_solve_outer: nonlinear fractional residual =    8.4168068391060125E-004
NOTE:  ice_shelf_solve_outer: linear solve done in           22  iterations
NOTE:  ice_shelf_solve_outer: nonlinear fractional residual =    5.6048922931000475E-004
NOTE:  ice_shelf_solve_outer: linear solve done in           20  iterations
NOTE:  ice_shelf_solve_outer: nonlinear fractional residual =    3.7337907914216593E-004
NOTE:  ice_shelf_solve_outer: linear solve done in           20  iterations
NOTE:  ice_shelf_solve_outer: nonlinear fractional residual =    2.4879480146870693E-004
NOTE:  ice_shelf_solve_outer: linear solve done in           20  iterations
NOTE:  ice_shelf_solve_outer: nonlinear fractional residual =    1.6580784246288639E-004
NOTE:  ice_shelf_solve_outer: linear solve done in           22  iterations
NOTE:  ice_shelf_solve_outer: nonlinear fractional residual =    1.1051396128140646E-004
NOTE:  ice_shelf_solve_outer: linear solve done in           20  iterations
NOTE:  ice_shelf_solve_outer: nonlinear fractional residual =    7.3665041765908799E-005
NOTE:  ice_shelf_solve_outer: switching to Newton iterations at iter =            7
NOTE:  ice_shelf_solve_outer: nonlinear fractional residual =    7.3665041765908799E-005
NOTE:  ice_shelf_solve_outer: exiting nonlinear solve after            7  iterations
NOTE: callTree: <--- Main loop
NOTE: callTree: loop Main loop, Shelf_driver.F90     100
NOTE: solo_step_ice_shelf:  TIME in ice shelf call, yrs:    99.000000000000000
NOTE: solo_step_ice_shelf:  Ice model timestep =    31536000.000000000       seconds
NOTE:  ice_shelf_solve_outer: linear solve done in           20  iterations
NOTE:  ice_shelf_solve_outer: nonlinear fractional residual =    1.9682933657403680E-003
NOTE:  ice_shelf_solve_outer: linear solve done in           20  iterations
NOTE:  ice_shelf_solve_outer: nonlinear fractional residual =    1.3062788469583215E-003
NOTE:  ice_shelf_solve_outer: linear solve done in           20  iterations
NOTE:  ice_shelf_solve_outer: nonlinear fractional residual =    8.6823607791870468E-004
NOTE:  ice_shelf_solve_outer: linear solve done in           20  iterations
NOTE:  ice_shelf_solve_outer: nonlinear fractional residual =    5.7766505656071162E-004
NOTE:  ice_shelf_solve_outer: linear solve done in           20  iterations
NOTE:  ice_shelf_solve_outer: nonlinear fractional residual =    3.8459607788292208E-004
NOTE:  ice_shelf_solve_outer: linear solve done in           20  iterations
NOTE:  ice_shelf_solve_outer: nonlinear fractional residual =    2.5616929832296490E-004
NOTE:  ice_shelf_solve_outer: linear solve done in           20  iterations
NOTE:  ice_shelf_solve_outer: nonlinear fractional residual =    1.7067826108330920E-004
NOTE:  ice_shelf_solve_outer: linear solve done in           20  iterations
NOTE:  ice_shelf_solve_outer: nonlinear fractional residual =    1.1374052751567321E-004
NOTE:  ice_shelf_solve_outer: linear solve done in           22  iterations
NOTE:  ice_shelf_solve_outer: nonlinear fractional residual =    7.5807036258730367E-005
NOTE:  ice_shelf_solve_outer: switching to Newton iterations at iter =            9
NOTE:  ice_shelf_solve_outer: nonlinear fractional residual =    7.5807036258730367E-005
NOTE:  ice_shelf_solve_outer: exiting nonlinear solve after            9  iterations
NOTE: callTree: <--- Main loop
NOTE: callTree: loop Main loop, Shelf_driver.F90     101
NOTE: solo_step_ice_shelf:  TIME in ice shelf call, yrs:    100.00000000000000
NOTE: solo_step_ice_shelf:  Ice model timestep =    31536000.000000000       seconds
NOTE:  ice_shelf_solve_outer: linear solve done in           20  iterations
NOTE:  ice_shelf_solve_outer: nonlinear fractional residual =    9.2375186179712260E-004
NOTE:  ice_shelf_solve_outer: linear solve done in           20  iterations
NOTE:  ice_shelf_solve_outer: nonlinear fractional residual =    6.1512307544286157E-004
NOTE:  ice_shelf_solve_outer: linear solve done in           20  iterations
NOTE:  ice_shelf_solve_outer: nonlinear fractional residual =    4.0976596530504340E-004
NOTE:  ice_shelf_solve_outer: linear solve done in           20  iterations
NOTE:  ice_shelf_solve_outer: nonlinear fractional residual =    2.7303686822753267E-004
NOTE:  ice_shelf_solve_outer: linear solve done in           20  iterations
NOTE:  ice_shelf_solve_outer: nonlinear fractional residual =    1.8196217253453725E-004
NOTE:  ice_shelf_solve_outer: linear solve done in           20  iterations
NOTE:  ice_shelf_solve_outer: nonlinear fractional residual =    1.2128038209843302E-004
NOTE:  ice_shelf_solve_outer: linear solve done in           21  iterations
NOTE:  ice_shelf_solve_outer: nonlinear fractional residual =    8.0841263684230667E-005
NOTE:  ice_shelf_solve_outer: switching to Newton iterations at iter =            7
NOTE:  ice_shelf_solve_outer: nonlinear fractional residual =    8.0841263684230667E-005
NOTE:  ice_shelf_solve_outer: exiting nonlinear solve after            7  iterations
NOTE: callTree: <--- Main loop
NOTE: callTree: loop Main loop, Shelf_driver.F90     102
NOTE: solo_step_ice_shelf:  TIME in ice shelf call, yrs:    101.00000000000000
NOTE: solo_step_ice_shelf:  Ice model timestep =    31536000.000000000       seconds
NOTE:  ice_shelf_solve_outer: linear solve done in           20  iterations
NOTE:  ice_shelf_solve_outer: nonlinear fractional residual =    1.8449271142280603E-003
NOTE:  ice_shelf_solve_outer: linear solve done in           20  iterations
NOTE:  ice_shelf_solve_outer: nonlinear fractional residual =    1.2249671629437828E-003
NOTE:  ice_shelf_solve_outer: linear solve done in           20  iterations
NOTE:  ice_shelf_solve_outer: nonlinear fractional residual =    8.1443841797802492E-004
NOTE:  ice_shelf_solve_outer: linear solve done in           20  iterations
NOTE:  ice_shelf_solve_outer: nonlinear fractional residual =    5.4198096083182769E-004
NOTE:  ice_shelf_solve_outer: linear solve done in           20  iterations
NOTE:  ice_shelf_solve_outer: nonlinear fractional residual =    3.6088675575850340E-004
NOTE:  ice_shelf_solve_outer: linear solve done in           20  iterations
NOTE:  ice_shelf_solve_outer: nonlinear fractional residual =    2.4039856170026788E-004
NOTE:  ice_shelf_solve_outer: linear solve done in           20  iterations
NOTE:  ice_shelf_solve_outer: nonlinear fractional residual =    1.6018017219797634E-004
NOTE:  ice_shelf_solve_outer: linear solve done in           21  iterations
NOTE:  ice_shelf_solve_outer: nonlinear fractional residual =    1.0674878527191825E-004
NOTE:  ice_shelf_solve_outer: linear solve done in           21  iterations
NOTE:  ice_shelf_solve_outer: nonlinear fractional residual =    7.1148975602680840E-005
NOTE:  ice_shelf_solve_outer: switching to Newton iterations at iter =            9
NOTE:  ice_shelf_solve_outer: nonlinear fractional residual =    7.1148975602680840E-005
NOTE:  ice_shelf_solve_outer: exiting nonlinear solve after            9  iterations
NOTE: callTree: <--- Main loop
NOTE: callTree: loop Main loop, Shelf_driver.F90     103
NOTE: solo_step_ice_shelf:  TIME in ice shelf call, yrs:    102.00000000000000
NOTE: solo_step_ice_shelf:  Ice model timestep =    31536000.000000000       seconds
NOTE:  ice_shelf_solve_outer: linear solve done in           20  iterations
NOTE:  ice_shelf_solve_outer: nonlinear fractional residual =    8.9579959587119014E-004
NOTE:  ice_shelf_solve_outer: linear solve done in           20  iterations
NOTE:  ice_shelf_solve_outer: nonlinear fractional residual =    5.9651635356243351E-004
NOTE:  ice_shelf_solve_outer: linear solve done in           20  iterations
NOTE:  ice_shelf_solve_outer: nonlinear fractional residual =    3.9737397716260926E-004
NOTE:  ice_shelf_solve_outer: linear solve done in           20  iterations
NOTE:  ice_shelf_solve_outer: nonlinear fractional residual =    2.6478109366841613E-004
NOTE:  ice_shelf_solve_outer: linear solve done in           21  iterations
NOTE:  ice_shelf_solve_outer: nonlinear fractional residual =    1.7646078907273950E-004
NOTE:  ice_shelf_solve_outer: linear solve done in           21  iterations
NOTE:  ice_shelf_solve_outer: nonlinear fractional residual =    1.1761388955210269E-004
NOTE:  ice_shelf_solve_outer: linear solve done in           20  iterations
NOTE:  ice_shelf_solve_outer: nonlinear fractional residual =    7.8397422293068043E-005
NOTE:  ice_shelf_solve_outer: switching to Newton iterations at iter =            7
NOTE:  ice_shelf_solve_outer: nonlinear fractional residual =    7.8397422293068043E-005
NOTE:  ice_shelf_solve_outer: exiting nonlinear solve after            7  iterations
NOTE: callTree: <--- Main loop
NOTE: callTree: loop Main loop, Shelf_driver.F90     104
NOTE: solo_step_ice_shelf:  TIME in ice shelf call, yrs:    103.00000000000000
NOTE: solo_step_ice_shelf:  Ice model timestep =    31536000.000000000       seconds
NOTE:  ice_shelf_solve_outer: linear solve done in           20  iterations
NOTE:  ice_shelf_solve_outer: nonlinear fractional residual =    8.9520181045697072E-004
NOTE:  ice_shelf_solve_outer: linear solve done in           20  iterations
NOTE:  ice_shelf_solve_outer: nonlinear fractional residual =    5.9610971990214185E-004
NOTE:  ice_shelf_solve_outer: linear solve done in           20  iterations
NOTE:  ice_shelf_solve_outer: nonlinear fractional residual =    3.9709929019280895E-004
NOTE:  ice_shelf_solve_outer: linear solve done in           20  iterations
NOTE:  ice_shelf_solve_outer: nonlinear fractional residual =    2.6459637241645892E-004
NOTE:  ice_shelf_solve_outer: linear solve done in           21  iterations
NOTE:  ice_shelf_solve_outer: nonlinear fractional residual =    1.7633693239826174E-004
NOTE:  ice_shelf_solve_outer: linear solve done in           20  iterations
NOTE:  ice_shelf_solve_outer: nonlinear fractional residual =    1.1753100329663720E-004
NOTE:  ice_shelf_solve_outer: linear solve done in           20  iterations
NOTE:  ice_shelf_solve_outer: nonlinear fractional residual =    7.8342024973949534E-005
NOTE:  ice_shelf_solve_outer: switching to Newton iterations at iter =            7
NOTE:  ice_shelf_solve_outer: nonlinear fractional residual =    7.8342024973949534E-005
NOTE:  ice_shelf_solve_outer: exiting nonlinear solve after            7  iterations
NOTE: callTree: <--- Main loop
NOTE: callTree: loop Main loop, Shelf_driver.F90     105
NOTE: solo_step_ice_shelf:  TIME in ice shelf call, yrs:    104.00000000000000
NOTE: solo_step_ice_shelf:  Ice model timestep =    31536000.000000000       seconds
NOTE:  ice_shelf_solve_outer: linear solve done in           20  iterations
NOTE:  ice_shelf_solve_outer: nonlinear fractional residual =    4.2235950692707895E-004
NOTE:  ice_shelf_solve_outer: linear solve done in           20  iterations
NOTE:  ice_shelf_solve_outer: nonlinear fractional residual =    2.8056879668961519E-004
NOTE:  ice_shelf_solve_outer: linear solve done in           20  iterations
NOTE:  ice_shelf_solve_outer: nonlinear fractional residual =    1.8659958870640396E-004
NOTE:  ice_shelf_solve_outer: linear solve done in           20  iterations
NOTE:  ice_shelf_solve_outer: nonlinear fractional residual =    1.2420139303798009E-004
NOTE:  ice_shelf_solve_outer: linear solve done in           20  iterations
NOTE:  ice_shelf_solve_outer: nonlinear fractional residual =    8.2712783863874746E-005
NOTE:  ice_shelf_solve_outer: switching to Newton iterations at iter =            5
NOTE:  ice_shelf_solve_outer: nonlinear fractional residual =    8.2712783863874746E-005
NOTE:  ice_shelf_solve_outer: exiting nonlinear solve after            5  iterations
NOTE: callTree: <--- Main loop
NOTE: callTree: loop Main loop, Shelf_driver.F90     106
NOTE: solo_step_ice_shelf:  TIME in ice shelf call, yrs:    105.00000000000000
NOTE: solo_step_ice_shelf:  Ice model timestep =    31536000.000000000       seconds
NOTE:  ice_shelf_solve_outer: linear solve done in           20  iterations
NOTE:  ice_shelf_solve_outer: nonlinear fractional residual =    8.8205747436836794E-004
NOTE:  ice_shelf_solve_outer: linear solve done in           20  iterations
NOTE:  ice_shelf_solve_outer: nonlinear fractional residual =    5.8732793621993785E-004
NOTE:  ice_shelf_solve_outer: linear solve done in           21  iterations
NOTE:  ice_shelf_solve_outer: nonlinear fractional residual =    3.9123640175046096E-004
NOTE:  ice_shelf_solve_outer: linear solve done in           21  iterations
NOTE:  ice_shelf_solve_outer: nonlinear fractional residual =    2.6068407095425670E-004
NOTE:  ice_shelf_solve_outer: linear solve done in           20  iterations
NOTE:  ice_shelf_solve_outer: nonlinear fractional residual =    1.7372708533303227E-004
NOTE:  ice_shelf_solve_outer: linear solve done in           22  iterations
NOTE:  ice_shelf_solve_outer: nonlinear fractional residual =    1.1579037473086013E-004
NOTE:  ice_shelf_solve_outer: linear solve done in           20  iterations
NOTE:  ice_shelf_solve_outer: nonlinear fractional residual =    7.7181281348288381E-005
NOTE:  ice_shelf_solve_outer: switching to Newton iterations at iter =            7
NOTE:  ice_shelf_solve_outer: nonlinear fractional residual =    7.7181281348288381E-005
NOTE:  ice_shelf_solve_outer: exiting nonlinear solve after            7  iterations
NOTE: callTree: <--- Main loop
NOTE: callTree: loop Main loop, Shelf_driver.F90     107
NOTE: solo_step_ice_shelf:  TIME in ice shelf call, yrs:    106.00000000000000
NOTE: solo_step_ice_shelf:  Ice model timestep =    31536000.000000000       seconds
NOTE:  ice_shelf_solve_outer: linear solve done in           20  iterations
NOTE:  ice_shelf_solve_outer: nonlinear fractional residual =    1.4139915549841342E-003
NOTE:  ice_shelf_solve_outer: linear solve done in           20  iterations
NOTE:  ice_shelf_solve_outer: nonlinear fractional residual =    9.3960813836289577E-004
NOTE:  ice_shelf_solve_outer: linear solve done in           20  iterations
NOTE:  ice_shelf_solve_outer: nonlinear fractional residual =    6.2505324332304886E-004
NOTE:  ice_shelf_solve_outer: linear solve done in           20  iterations
NOTE:  ice_shelf_solve_outer: nonlinear fractional residual =    4.1610257045391816E-004
NOTE:  ice_shelf_solve_outer: linear solve done in           20  iterations
NOTE:  ice_shelf_solve_outer: nonlinear fractional residual =    2.7713563544050834E-004
NOTE:  ice_shelf_solve_outer: linear solve done in           20  iterations
NOTE:  ice_shelf_solve_outer: nonlinear fractional residual =    1.8463895445751985E-004
NOTE:  ice_shelf_solve_outer: linear solve done in           21  iterations
NOTE:  ice_shelf_solve_outer: nonlinear fractional residual =    1.2304016681958989E-004
NOTE:  ice_shelf_solve_outer: linear solve done in           22  iterations
NOTE:  ice_shelf_solve_outer: nonlinear fractional residual =    8.2003468911289809E-005
NOTE:  ice_shelf_solve_outer: switching to Newton iterations at iter =            8
NOTE:  ice_shelf_solve_outer: nonlinear fractional residual =    8.2003468911289809E-005
NOTE:  ice_shelf_solve_outer: exiting nonlinear solve after            8  iterations
NOTE: callTree: <--- Main loop
NOTE: callTree: loop Main loop, Shelf_driver.F90     108
NOTE: solo_step_ice_shelf:  TIME in ice shelf call, yrs:    107.00000000000000
NOTE: solo_step_ice_shelf:  Ice model timestep =    31536000.000000000       seconds
NOTE:  ice_shelf_solve_outer: linear solve done in           20  iterations
NOTE:  ice_shelf_solve_outer: nonlinear fractional residual =    8.2699648200582727E-004
NOTE:  ice_shelf_solve_outer: linear solve done in           20  iterations
NOTE:  ice_shelf_solve_outer: nonlinear fractional residual =    5.5072152481278590E-004
NOTE:  ice_shelf_solve_outer: linear solve done in           20  iterations
NOTE:  ice_shelf_solve_outer: nonlinear fractional residual =    3.6687693756580757E-004
NOTE:  ice_shelf_solve_outer: linear solve done in           20  iterations
NOTE:  ice_shelf_solve_outer: nonlinear fractional residual =    2.4446433088267213E-004
NOTE:  ice_shelf_solve_outer: linear solve done in           21  iterations
NOTE:  ice_shelf_solve_outer: nonlinear fractional residual =    1.6292276775137454E-004
NOTE:  ice_shelf_solve_outer: linear solve done in           20  iterations
NOTE:  ice_shelf_solve_outer: nonlinear fractional residual =    1.0859142515002119E-004
NOTE:  ice_shelf_solve_outer: linear solve done in           22  iterations
NOTE:  ice_shelf_solve_outer: nonlinear fractional residual =    7.2383727218974127E-005
NOTE:  ice_shelf_solve_outer: switching to Newton iterations at iter =            7
NOTE:  ice_shelf_solve_outer: nonlinear fractional residual =    7.2383727218974127E-005
NOTE:  ice_shelf_solve_outer: exiting nonlinear solve after            7  iterations
NOTE: callTree: <--- Main loop
NOTE: callTree: loop Main loop, Shelf_driver.F90     109
NOTE: solo_step_ice_shelf:  TIME in ice shelf call, yrs:    108.00000000000000
NOTE: solo_step_ice_shelf:  Ice model timestep =    31536000.000000000       seconds
NOTE:  ice_shelf_solve_outer: linear solve done in           20  iterations
NOTE:  ice_shelf_solve_outer: nonlinear fractional residual =    8.4588861237296976E-004
NOTE:  ice_shelf_solve_outer: linear solve done in           20  iterations
NOTE:  ice_shelf_solve_outer: nonlinear fractional residual =    5.6329023441814661E-004
NOTE:  ice_shelf_solve_outer: linear solve done in           20  iterations
NOTE:  ice_shelf_solve_outer: nonlinear fractional residual =    3.7524450374534085E-004
NOTE:  ice_shelf_solve_outer: linear solve done in           20  iterations
NOTE:  ice_shelf_solve_outer: nonlinear fractional residual =    2.5003756632797122E-004
NOTE:  ice_shelf_solve_outer: linear solve done in           20  iterations
NOTE:  ice_shelf_solve_outer: nonlinear fractional residual =    1.6663597198522120E-004
NOTE:  ice_shelf_solve_outer: linear solve done in           21  iterations
NOTE:  ice_shelf_solve_outer: nonlinear fractional residual =    1.1106587927973292E-004
NOTE:  ice_shelf_solve_outer: linear solve done in           22  iterations
NOTE:  ice_shelf_solve_outer: nonlinear fractional residual =    7.4032911867634636E-005
NOTE:  ice_shelf_solve_outer: switching to Newton iterations at iter =            7
NOTE:  ice_shelf_solve_outer: nonlinear fractional residual =    7.4032911867634636E-005
NOTE:  ice_shelf_solve_outer: exiting nonlinear solve after            7  iterations
NOTE: callTree: <--- Main loop
NOTE: callTree: loop Main loop, Shelf_driver.F90     110
NOTE: solo_step_ice_shelf:  TIME in ice shelf call, yrs:    109.00000000000000
NOTE: solo_step_ice_shelf:  Ice model timestep =    31536000.000000000       seconds
NOTE:  ice_shelf_solve_outer: linear solve done in           20  iterations
NOTE:  ice_shelf_solve_outer: nonlinear fractional residual =    8.3996698198565407E-004
NOTE:  ice_shelf_solve_outer: linear solve done in           20  iterations
NOTE:  ice_shelf_solve_outer: nonlinear fractional residual =    5.5934707267672312E-004
NOTE:  ice_shelf_solve_outer: linear solve done in           20  iterations
NOTE:  ice_shelf_solve_outer: nonlinear fractional residual =    3.7261777177221488E-004
NOTE:  ice_shelf_solve_outer: linear solve done in           20  iterations
NOTE:  ice_shelf_solve_outer: nonlinear fractional residual =    2.4828731816339703E-004
NOTE:  ice_shelf_solve_outer: linear solve done in           20  iterations
NOTE:  ice_shelf_solve_outer: nonlinear fractional residual =    1.6546954450971275E-004
NOTE:  ice_shelf_solve_outer: linear solve done in           21  iterations
NOTE:  ice_shelf_solve_outer: nonlinear fractional residual =    1.1028843934414845E-004
NOTE:  ice_shelf_solve_outer: linear solve done in           22  iterations
NOTE:  ice_shelf_solve_outer: nonlinear fractional residual =    7.3514698393513053E-005
NOTE:  ice_shelf_solve_outer: switching to Newton iterations at iter =            7
NOTE:  ice_shelf_solve_outer: nonlinear fractional residual =    7.3514698393513053E-005
NOTE:  ice_shelf_solve_outer: exiting nonlinear solve after            7  iterations
NOTE: callTree: <--- Main loop
NOTE: callTree: loop Main loop, Shelf_driver.F90     111
NOTE: solo_step_ice_shelf:  TIME in ice shelf call, yrs:    110.00000000000000
NOTE: solo_step_ice_shelf:  Ice model timestep =    31536000.000000000       seconds
NOTE:  ice_shelf_solve_outer: linear solve done in           20  iterations
NOTE:  ice_shelf_solve_outer: nonlinear fractional residual =    1.0346811457233485E-003
NOTE:  ice_shelf_solve_outer: linear solve done in           20  iterations
NOTE:  ice_shelf_solve_outer: nonlinear fractional residual =    7.2657155042210250E-004
NOTE:  ice_shelf_solve_outer: linear solve done in           20  iterations
NOTE:  ice_shelf_solve_outer: nonlinear fractional residual =    5.0091929615781610E-004
NOTE:  ice_shelf_solve_outer: linear solve done in           20  iterations
NOTE:  ice_shelf_solve_outer: nonlinear fractional residual =    3.4135330321802152E-004
NOTE:  ice_shelf_solve_outer: linear solve done in           20  iterations
NOTE:  ice_shelf_solve_outer: nonlinear fractional residual =    2.3087784319795302E-004
NOTE:  ice_shelf_solve_outer: linear solve done in           20  iterations
NOTE:  ice_shelf_solve_outer: nonlinear fractional residual =    1.5539425311703354E-004
NOTE:  ice_shelf_solve_outer: linear solve done in           20  iterations
NOTE:  ice_shelf_solve_outer: nonlinear fractional residual =    1.0425352859025626E-004
NOTE:  ice_shelf_solve_outer: linear solve done in           20  iterations
NOTE:  ice_shelf_solve_outer: nonlinear fractional residual =    6.9794955705485687E-005
NOTE:  ice_shelf_solve_outer: switching to Newton iterations at iter =            8
NOTE:  ice_shelf_solve_outer: nonlinear fractional residual =    6.9794955705485687E-005
NOTE:  ice_shelf_solve_outer: exiting nonlinear solve after            8  iterations
NOTE: callTree: <--- Main loop
NOTE: callTree: loop Main loop, Shelf_driver.F90     112
NOTE: solo_step_ice_shelf:  TIME in ice shelf call, yrs:    111.00000000000000
NOTE: solo_step_ice_shelf:  Ice model timestep =    31536000.000000000       seconds
NOTE:  ice_shelf_solve_outer: linear solve done in           20  iterations
NOTE:  ice_shelf_solve_outer: nonlinear fractional residual =    7.4066361261786846E-004
NOTE:  ice_shelf_solve_outer: linear solve done in           20  iterations
NOTE:  ice_shelf_solve_outer: nonlinear fractional residual =    4.9324241361763034E-004
NOTE:  ice_shelf_solve_outer: linear solve done in           20  iterations
NOTE:  ice_shelf_solve_outer: nonlinear fractional residual =    3.2859136623663839E-004
NOTE:  ice_shelf_solve_outer: linear solve done in           22  iterations
NOTE:  ice_shelf_solve_outer: nonlinear fractional residual =    2.1895565578438072E-004
NOTE:  ice_shelf_solve_outer: linear solve done in           21  iterations
NOTE:  ice_shelf_solve_outer: nonlinear fractional residual =    1.4592366842538834E-004
NOTE:  ice_shelf_solve_outer: linear solve done in           23  iterations
NOTE:  ice_shelf_solve_outer: nonlinear fractional residual =    9.7261662594649167E-005
NOTE:  ice_shelf_solve_outer: switching to Newton iterations at iter =            6
NOTE:  ice_shelf_solve_outer: nonlinear fractional residual =    9.7261662594649167E-005
NOTE:  ice_shelf_solve_outer: exiting nonlinear solve after            6  iterations
NOTE: callTree: <--- Main loop
NOTE: callTree: loop Main loop, Shelf_driver.F90     113
NOTE: solo_step_ice_shelf:  TIME in ice shelf call, yrs:    112.00000000000000
NOTE: solo_step_ice_shelf:  Ice model timestep =    31536000.000000000       seconds
NOTE:  ice_shelf_solve_outer: linear solve done in           20  iterations
NOTE:  ice_shelf_solve_outer: nonlinear fractional residual =    9.5483880498524497E-004
NOTE:  ice_shelf_solve_outer: linear solve done in           20  iterations
NOTE:  ice_shelf_solve_outer: nonlinear fractional residual =    6.3554318978595737E-004
NOTE:  ice_shelf_solve_outer: linear solve done in           20  iterations
NOTE:  ice_shelf_solve_outer: nonlinear fractional residual =    4.2324448183337840E-004
NOTE:  ice_shelf_solve_outer: linear solve done in           20  iterations
NOTE:  ice_shelf_solve_outer: nonlinear fractional residual =    2.8196272600044967E-004
NOTE:  ice_shelf_solve_outer: linear solve done in           20  iterations
NOTE:  ice_shelf_solve_outer: nonlinear fractional residual =    1.8788619658367508E-004
NOTE:  ice_shelf_solve_outer: linear solve done in           20  iterations
NOTE:  ice_shelf_solve_outer: nonlinear fractional residual =    1.2521794438500743E-004
NOTE:  ice_shelf_solve_outer: linear solve done in           20  iterations
NOTE:  ice_shelf_solve_outer: nonlinear fractional residual =    8.3461069656140657E-005
NOTE:  ice_shelf_solve_outer: switching to Newton iterations at iter =            7
NOTE:  ice_shelf_solve_outer: nonlinear fractional residual =    8.3461069656140657E-005
NOTE:  ice_shelf_solve_outer: exiting nonlinear solve after            7  iterations
NOTE: callTree: <--- Main loop
NOTE: callTree: loop Main loop, Shelf_driver.F90     114
NOTE: solo_step_ice_shelf:  TIME in ice shelf call, yrs:    113.00000000000000
NOTE: solo_step_ice_shelf:  Ice model timestep =    31536000.000000000       seconds
NOTE:  ice_shelf_solve_outer: linear solve done in           20  iterations
NOTE:  ice_shelf_solve_outer: nonlinear fractional residual =    2.4202790990463205E-004
NOTE:  ice_shelf_solve_outer: linear solve done in           20  iterations
NOTE:  ice_shelf_solve_outer: nonlinear fractional residual =    1.8073318259498937E-004
NOTE:  ice_shelf_solve_outer: linear solve done in           20  iterations
NOTE:  ice_shelf_solve_outer: nonlinear fractional residual =    1.2917230478522436E-004
NOTE:  ice_shelf_solve_outer: linear solve done in           20  iterations
NOTE:  ice_shelf_solve_outer: nonlinear fractional residual =    8.9994998520981169E-005
NOTE:  ice_shelf_solve_outer: switching to Newton iterations at iter =            4
NOTE:  ice_shelf_solve_outer: nonlinear fractional residual =    8.9994998520981169E-005
NOTE:  ice_shelf_solve_outer: exiting nonlinear solve after            4  iterations
NOTE: callTree: <--- Main loop
NOTE: callTree: loop Main loop, Shelf_driver.F90     115
NOTE: solo_step_ice_shelf:  TIME in ice shelf call, yrs:    114.00000000000000
NOTE: solo_step_ice_shelf:  Ice model timestep =    31536000.000000000       seconds
NOTE:  ice_shelf_solve_outer: linear solve done in           20  iterations
NOTE:  ice_shelf_solve_outer: nonlinear fractional residual =    7.1237084907790026E-004
NOTE:  ice_shelf_solve_outer: linear solve done in           20  iterations
NOTE:  ice_shelf_solve_outer: nonlinear fractional residual =    4.7339712237585643E-004
NOTE:  ice_shelf_solve_outer: linear solve done in           20  iterations
NOTE:  ice_shelf_solve_outer: nonlinear fractional residual =    3.1492416767809115E-004
NOTE:  ice_shelf_solve_outer: linear solve done in           20  iterations
NOTE:  ice_shelf_solve_outer: nonlinear fractional residual =    2.0964999000585186E-004
NOTE:  ice_shelf_solve_outer: linear solve done in           22  iterations
NOTE:  ice_shelf_solve_outer: nonlinear fractional residual =    1.3963358708897594E-004
NOTE:  ice_shelf_solve_outer: linear solve done in           20  iterations
NOTE:  ice_shelf_solve_outer: nonlinear fractional residual =    9.3029920149272470E-005
NOTE:  ice_shelf_solve_outer: switching to Newton iterations at iter =            6
NOTE:  ice_shelf_solve_outer: nonlinear fractional residual =    9.3029920149272470E-005
NOTE:  ice_shelf_solve_outer: exiting nonlinear solve after            6  iterations
NOTE: callTree: <--- Main loop
NOTE: callTree: loop Main loop, Shelf_driver.F90     116
NOTE: solo_step_ice_shelf:  TIME in ice shelf call, yrs:    115.00000000000000
NOTE: solo_step_ice_shelf:  Ice model timestep =    31536000.000000000       seconds
NOTE:  ice_shelf_solve_outer: linear solve done in           20  iterations
NOTE:  ice_shelf_solve_outer: nonlinear fractional residual =    1.1328709900367824E-003
NOTE:  ice_shelf_solve_outer: linear solve done in           20  iterations
NOTE:  ice_shelf_solve_outer: nonlinear fractional residual =    7.5185823070896311E-004
NOTE:  ice_shelf_solve_outer: linear solve done in           20  iterations
NOTE:  ice_shelf_solve_outer: nonlinear fractional residual =    4.9973996787459690E-004
NOTE:  ice_shelf_solve_outer: linear solve done in           20  iterations
NOTE:  ice_shelf_solve_outer: nonlinear fractional residual =    3.3249600950460684E-004
NOTE:  ice_shelf_solve_outer: linear solve done in           20  iterations
NOTE:  ice_shelf_solve_outer: nonlinear fractional residual =    2.2136955528379501E-004
NOTE:  ice_shelf_solve_outer: linear solve done in           21  iterations
NOTE:  ice_shelf_solve_outer: nonlinear fractional residual =    1.4744902765187693E-004
NOTE:  ice_shelf_solve_outer: linear solve done in           20  iterations
NOTE:  ice_shelf_solve_outer: nonlinear fractional residual =    9.8241330489697292E-005
NOTE:  ice_shelf_solve_outer: switching to Newton iterations at iter =            7
NOTE:  ice_shelf_solve_outer: nonlinear fractional residual =    9.8241330489697292E-005
NOTE:  ice_shelf_solve_outer: exiting nonlinear solve after            7  iterations
NOTE: callTree: <--- Main loop
NOTE: callTree: loop Main loop, Shelf_driver.F90     117
NOTE: solo_step_ice_shelf:  TIME in ice shelf call, yrs:    116.00000000000000
NOTE: solo_step_ice_shelf:  Ice model timestep =    31536000.000000000       seconds
NOTE:  ice_shelf_solve_outer: linear solve done in           20  iterations
NOTE:  ice_shelf_solve_outer: nonlinear fractional residual =    4.4621683862712501E-003
NOTE:  ice_shelf_solve_outer: linear solve done in           20  iterations
NOTE:  ice_shelf_solve_outer: nonlinear fractional residual =    2.9042632168699927E-003
NOTE:  ice_shelf_solve_outer: linear solve done in           20  iterations
NOTE:  ice_shelf_solve_outer: nonlinear fractional residual =    1.9055079300279859E-003
NOTE:  ice_shelf_solve_outer: linear solve done in           20  iterations
NOTE:  ice_shelf_solve_outer: nonlinear fractional residual =    1.2569050343927629E-003
NOTE:  ice_shelf_solve_outer: linear solve done in           20  iterations
NOTE:  ice_shelf_solve_outer: nonlinear fractional residual =    8.3202383632700568E-004
NOTE:  ice_shelf_solve_outer: linear solve done in           20  iterations
NOTE:  ice_shelf_solve_outer: nonlinear fractional residual =    5.5207158739382120E-004
NOTE:  ice_shelf_solve_outer: linear solve done in           21  iterations
NOTE:  ice_shelf_solve_outer: nonlinear fractional residual =    3.6689229482285727E-004
NOTE:  ice_shelf_solve_outer: linear solve done in           22  iterations
NOTE:  ice_shelf_solve_outer: nonlinear fractional residual =    2.4408281742817854E-004
NOTE:  ice_shelf_solve_outer: linear solve done in           20  iterations
NOTE:  ice_shelf_solve_outer: nonlinear fractional residual =    1.6249473930377053E-004
NOTE:  ice_shelf_solve_outer: linear solve done in           20  iterations
NOTE:  ice_shelf_solve_outer: nonlinear fractional residual =    1.0822900697631218E-004
NOTE:  ice_shelf_solve_outer: linear solve done in           22  iterations
NOTE:  ice_shelf_solve_outer: nonlinear fractional residual =    7.2107898903870643E-005
NOTE:  ice_shelf_solve_outer: switching to Newton iterations at iter =           11
NOTE:  ice_shelf_solve_outer: nonlinear fractional residual =    7.2107898903870643E-005
NOTE:  ice_shelf_solve_outer: exiting nonlinear solve after           11  iterations
NOTE: callTree: <--- Main loop
NOTE: callTree: loop Main loop, Shelf_driver.F90     118
NOTE: solo_step_ice_shelf:  TIME in ice shelf call, yrs:    117.00000000000000
NOTE: solo_step_ice_shelf:  Ice model timestep =    31536000.000000000       seconds
NOTE:  ice_shelf_solve_outer: linear solve done in           20  iterations
NOTE:  ice_shelf_solve_outer: nonlinear fractional residual =    7.7214190953611391E-004
NOTE:  ice_shelf_solve_outer: linear solve done in           20  iterations
NOTE:  ice_shelf_solve_outer: nonlinear fractional residual =    5.1419119857986837E-004
NOTE:  ice_shelf_solve_outer: linear solve done in           21  iterations
NOTE:  ice_shelf_solve_outer: nonlinear fractional residual =    3.4254089527358358E-004
NOTE:  ice_shelf_solve_outer: linear solve done in           21  iterations
NOTE:  ice_shelf_solve_outer: nonlinear fractional residual =    2.2824808647573156E-004
NOTE:  ice_shelf_solve_outer: linear solve done in           21  iterations
NOTE:  ice_shelf_solve_outer: nonlinear fractional residual =    1.5211539781694820E-004
NOTE:  ice_shelf_solve_outer: linear solve done in           21  iterations
NOTE:  ice_shelf_solve_outer: nonlinear fractional residual =    1.0138804945937052E-004
NOTE:  ice_shelf_solve_outer: linear solve done in           22  iterations
NOTE:  ice_shelf_solve_outer: nonlinear fractional residual =    6.7582160231934713E-005
NOTE:  ice_shelf_solve_outer: switching to Newton iterations at iter =            7
NOTE:  ice_shelf_solve_outer: nonlinear fractional residual =    6.7582160231934713E-005
NOTE:  ice_shelf_solve_outer: exiting nonlinear solve after            7  iterations
NOTE: callTree: <--- Main loop
NOTE: callTree: loop Main loop, Shelf_driver.F90     119
NOTE: solo_step_ice_shelf:  TIME in ice shelf call, yrs:    118.00000000000000
NOTE: solo_step_ice_shelf:  Ice model timestep =    31536000.000000000       seconds
NOTE:  ice_shelf_solve_outer: linear solve done in           20  iterations
NOTE:  ice_shelf_solve_outer: nonlinear fractional residual =    1.0254121925906338E-003
NOTE:  ice_shelf_solve_outer: linear solve done in           20  iterations
NOTE:  ice_shelf_solve_outer: nonlinear fractional residual =    6.4342451698562117E-004
NOTE:  ice_shelf_solve_outer: linear solve done in           20  iterations
NOTE:  ice_shelf_solve_outer: nonlinear fractional residual =    4.1111178265479837E-004
NOTE:  ice_shelf_solve_outer: linear solve done in           20  iterations
NOTE:  ice_shelf_solve_outer: nonlinear fractional residual =    2.6615254071008009E-004
NOTE:  ice_shelf_solve_outer: linear solve done in           20  iterations
NOTE:  ice_shelf_solve_outer: nonlinear fractional residual =    1.7391583803847655E-004
NOTE:  ice_shelf_solve_outer: linear solve done in           20  iterations
NOTE:  ice_shelf_solve_outer: nonlinear fractional residual =    1.1438029419732916E-004
NOTE:  ice_shelf_solve_outer: linear solve done in           20  iterations
NOTE:  ice_shelf_solve_outer: nonlinear fractional residual =    7.5558737593740341E-005
NOTE:  ice_shelf_solve_outer: switching to Newton iterations at iter =            7
NOTE:  ice_shelf_solve_outer: nonlinear fractional residual =    7.5558737593740341E-005
NOTE:  ice_shelf_solve_outer: exiting nonlinear solve after            7  iterations
NOTE: callTree: <--- Main loop
NOTE: callTree: loop Main loop, Shelf_driver.F90     120
NOTE: solo_step_ice_shelf:  TIME in ice shelf call, yrs:    119.00000000000000
NOTE: solo_step_ice_shelf:  Ice model timestep =    31536000.000000000       seconds
NOTE:  ice_shelf_solve_outer: linear solve done in           20  iterations
NOTE:  ice_shelf_solve_outer: nonlinear fractional residual =    7.5830778436095970E-004
NOTE:  ice_shelf_solve_outer: linear solve done in           20  iterations
NOTE:  ice_shelf_solve_outer: nonlinear fractional residual =    5.0492857269544931E-004
NOTE:  ice_shelf_solve_outer: linear solve done in           21  iterations
NOTE:  ice_shelf_solve_outer: nonlinear fractional residual =    3.3634812709934400E-004
NOTE:  ice_shelf_solve_outer: linear solve done in           21  iterations
NOTE:  ice_shelf_solve_outer: nonlinear fractional residual =    2.2411172485538579E-004
NOTE:  ice_shelf_solve_outer: linear solve done in           21  iterations
NOTE:  ice_shelf_solve_outer: nonlinear fractional residual =    1.4935433776865542E-004
NOTE:  ice_shelf_solve_outer: linear solve done in           21  iterations
NOTE:  ice_shelf_solve_outer: nonlinear fractional residual =    9.9545794609122746E-005
NOTE:  ice_shelf_solve_outer: switching to Newton iterations at iter =            6
NOTE:  ice_shelf_solve_outer: nonlinear fractional residual =    9.9545794609122746E-005
NOTE:  ice_shelf_solve_outer: exiting nonlinear solve after            6  iterations
NOTE: callTree: <--- Main loop
NOTE: callTree: loop Main loop, Shelf_driver.F90     121
NOTE: solo_step_ice_shelf:  TIME in ice shelf call, yrs:    120.00000000000000
NOTE: solo_step_ice_shelf:  Ice model timestep =    31536000.000000000       seconds
NOTE:  ice_shelf_solve_outer: linear solve done in           20  iterations
NOTE:  ice_shelf_solve_outer: nonlinear fractional residual =    7.6798207020114986E-004
NOTE:  ice_shelf_solve_outer: linear solve done in           20  iterations
NOTE:  ice_shelf_solve_outer: nonlinear fractional residual =    5.1142582363790769E-004
NOTE:  ice_shelf_solve_outer: linear solve done in           20  iterations
NOTE:  ice_shelf_solve_outer: nonlinear fractional residual =    3.4070079477914049E-004
NOTE:  ice_shelf_solve_outer: linear solve done in           20  iterations
NOTE:  ice_shelf_solve_outer: nonlinear fractional residual =    2.2702289778335627E-004
NOTE:  ice_shelf_solve_outer: linear solve done in           21  iterations
NOTE:  ice_shelf_solve_outer: nonlinear fractional residual =    1.5129929129732844E-004
NOTE:  ice_shelf_solve_outer: linear solve done in           21  iterations
NOTE:  ice_shelf_solve_outer: nonlinear fractional residual =    1.0084428307860357E-004
NOTE:  ice_shelf_solve_outer: linear solve done in           20  iterations
NOTE:  ice_shelf_solve_outer: nonlinear fractional residual =    6.7219784695073413E-005
NOTE:  ice_shelf_solve_outer: switching to Newton iterations at iter =            7
NOTE:  ice_shelf_solve_outer: nonlinear fractional residual =    6.7219784695073413E-005
NOTE:  ice_shelf_solve_outer: exiting nonlinear solve after            7  iterations
NOTE: callTree: <--- Main loop
NOTE: callTree: loop Main loop, Shelf_driver.F90     122
NOTE: solo_step_ice_shelf:  TIME in ice shelf call, yrs:    121.00000000000000
NOTE: solo_step_ice_shelf:  Ice model timestep =    31536000.000000000       seconds
NOTE:  ice_shelf_solve_outer: linear solve done in           20  iterations
NOTE:  ice_shelf_solve_outer: nonlinear fractional residual =    1.3165750122616593E-003
NOTE:  ice_shelf_solve_outer: linear solve done in           20  iterations
NOTE:  ice_shelf_solve_outer: nonlinear fractional residual =    8.7040237851454777E-004
NOTE:  ice_shelf_solve_outer: linear solve done in           20  iterations
NOTE:  ice_shelf_solve_outer: nonlinear fractional residual =    5.7703884582592166E-004
NOTE:  ice_shelf_solve_outer: linear solve done in           20  iterations
NOTE:  ice_shelf_solve_outer: nonlinear fractional residual =    3.8326356491911903E-004
NOTE:  ice_shelf_solve_outer: linear solve done in           20  iterations
NOTE:  ice_shelf_solve_outer: nonlinear fractional residual =    2.5487578847582668E-004
NOTE:  ice_shelf_solve_outer: linear solve done in           20  iterations
NOTE:  ice_shelf_solve_outer: nonlinear fractional residual =    1.6963629361636587E-004
NOTE:  ice_shelf_solve_outer: linear solve done in           21  iterations
NOTE:  ice_shelf_solve_outer: nonlinear fractional residual =    1.1296618049727368E-004
NOTE:  ice_shelf_solve_outer: linear solve done in           20  iterations
NOTE:  ice_shelf_solve_outer: nonlinear fractional residual =    7.5255421123786908E-005
NOTE:  ice_shelf_solve_outer: switching to Newton iterations at iter =            8
NOTE:  ice_shelf_solve_outer: nonlinear fractional residual =    7.5255421123786908E-005
NOTE:  ice_shelf_solve_outer: exiting nonlinear solve after            8  iterations
NOTE: callTree: <--- Main loop
NOTE: callTree: loop Main loop, Shelf_driver.F90     123
NOTE: solo_step_ice_shelf:  TIME in ice shelf call, yrs:    122.00000000000000
NOTE: solo_step_ice_shelf:  Ice model timestep =    31536000.000000000       seconds
NOTE:  ice_shelf_solve_outer: linear solve done in           20  iterations
NOTE:  ice_shelf_solve_outer: nonlinear fractional residual =    7.3343509745311432E-004
NOTE:  ice_shelf_solve_outer: linear solve done in           20  iterations
NOTE:  ice_shelf_solve_outer: nonlinear fractional residual =    4.8840476963455434E-004
NOTE:  ice_shelf_solve_outer: linear solve done in           20  iterations
NOTE:  ice_shelf_solve_outer: nonlinear fractional residual =    3.2535800811615985E-004
NOTE:  ice_shelf_solve_outer: linear solve done in           21  iterations
NOTE:  ice_shelf_solve_outer: nonlinear fractional residual =    2.1679641744407296E-004
NOTE:  ice_shelf_solve_outer: linear solve done in           21  iterations
NOTE:  ice_shelf_solve_outer: nonlinear fractional residual =    1.4448254813209907E-004
NOTE:  ice_shelf_solve_outer: linear solve done in           21  iterations
NOTE:  ice_shelf_solve_outer: nonlinear fractional residual =    9.6300192834523790E-005
NOTE:  ice_shelf_solve_outer: switching to Newton iterations at iter =            6
NOTE:  ice_shelf_solve_outer: nonlinear fractional residual =    9.6300192834523790E-005
NOTE:  ice_shelf_solve_outer: exiting nonlinear solve after            6  iterations
NOTE: callTree: <--- Main loop
NOTE: callTree: loop Main loop, Shelf_driver.F90     124
NOTE: solo_step_ice_shelf:  TIME in ice shelf call, yrs:    123.00000000000000
NOTE: solo_step_ice_shelf:  Ice model timestep =    31536000.000000000       seconds
NOTE:  ice_shelf_solve_outer: linear solve done in           20  iterations
NOTE:  ice_shelf_solve_outer: nonlinear fractional residual =    7.4448519163395786E-004
NOTE:  ice_shelf_solve_outer: linear solve done in           20  iterations
NOTE:  ice_shelf_solve_outer: nonlinear fractional residual =    4.9577259441111116E-004
NOTE:  ice_shelf_solve_outer: linear solve done in           20  iterations
NOTE:  ice_shelf_solve_outer: nonlinear fractional residual =    3.3027036229156683E-004
NOTE:  ice_shelf_solve_outer: linear solve done in           20  iterations
NOTE:  ice_shelf_solve_outer: nonlinear fractional residual =    2.2007152385730214E-004
NOTE:  ice_shelf_solve_outer: linear solve done in           22  iterations
NOTE:  ice_shelf_solve_outer: nonlinear fractional residual =    1.4666604162002890E-004
NOTE:  ice_shelf_solve_outer: linear solve done in           20  iterations
NOTE:  ice_shelf_solve_outer: nonlinear fractional residual =    9.7755894505328954E-005
NOTE:  ice_shelf_solve_outer: switching to Newton iterations at iter =            6
NOTE:  ice_shelf_solve_outer: nonlinear fractional residual =    9.7755894505328954E-005
NOTE:  ice_shelf_solve_outer: exiting nonlinear solve after            6  iterations
NOTE: callTree: <--- Main loop
NOTE: callTree: loop Main loop, Shelf_driver.F90     125
NOTE: solo_step_ice_shelf:  TIME in ice shelf call, yrs:    124.00000000000000
NOTE: solo_step_ice_shelf:  Ice model timestep =    31536000.000000000       seconds
NOTE:  ice_shelf_solve_outer: linear solve done in           20  iterations
NOTE:  ice_shelf_solve_outer: nonlinear fractional residual =    8.4490178413473588E-004
NOTE:  ice_shelf_solve_outer: linear solve done in           20  iterations
NOTE:  ice_shelf_solve_outer: nonlinear fractional residual =    5.6241729472433853E-004
NOTE:  ice_shelf_solve_outer: linear solve done in           20  iterations
NOTE:  ice_shelf_solve_outer: nonlinear fractional residual =    3.7456728416284529E-004
NOTE:  ice_shelf_solve_outer: linear solve done in           20  iterations
NOTE:  ice_shelf_solve_outer: nonlinear fractional residual =    2.4954384319521083E-004
NOTE:  ice_shelf_solve_outer: linear solve done in           20  iterations
NOTE:  ice_shelf_solve_outer: nonlinear fractional residual =    1.6628807666481296E-004
NOTE:  ice_shelf_solve_outer: linear solve done in           21  iterations
NOTE:  ice_shelf_solve_outer: nonlinear fractional residual =    1.1082562524670928E-004
NOTE:  ice_shelf_solve_outer: linear solve done in           21  iterations
NOTE:  ice_shelf_solve_outer: nonlinear fractional residual =    7.3869045740855894E-005
NOTE:  ice_shelf_solve_outer: switching to Newton iterations at iter =            7
NOTE:  ice_shelf_solve_outer: nonlinear fractional residual =    7.3869045740855894E-005
NOTE:  ice_shelf_solve_outer: exiting nonlinear solve after            7  iterations
NOTE: callTree: <--- Main loop
NOTE: callTree: loop Main loop, Shelf_driver.F90     126
NOTE: solo_step_ice_shelf:  TIME in ice shelf call, yrs:    125.00000000000000
NOTE: solo_step_ice_shelf:  Ice model timestep =    31536000.000000000       seconds
NOTE:  ice_shelf_solve_outer: linear solve done in           20  iterations
NOTE:  ice_shelf_solve_outer: nonlinear fractional residual =    1.8820836436146153E-003
NOTE:  ice_shelf_solve_outer: linear solve done in           20  iterations
NOTE:  ice_shelf_solve_outer: nonlinear fractional residual =    1.2874001445129543E-003
NOTE:  ice_shelf_solve_outer: linear solve done in           20  iterations
NOTE:  ice_shelf_solve_outer: nonlinear fractional residual =    8.7300287515896418E-004
NOTE:  ice_shelf_solve_outer: linear solve done in           20  iterations
NOTE:  ice_shelf_solve_outer: nonlinear fractional residual =    5.8861492657270214E-004
NOTE:  ice_shelf_solve_outer: linear solve done in           20  iterations
NOTE:  ice_shelf_solve_outer: nonlinear fractional residual =    3.9536803934068614E-004
NOTE:  ice_shelf_solve_outer: linear solve done in           20  iterations
NOTE:  ice_shelf_solve_outer: nonlinear fractional residual =    2.6489904405098196E-004
NOTE:  ice_shelf_solve_outer: linear solve done in           20  iterations
NOTE:  ice_shelf_solve_outer: nonlinear fractional residual =    1.7718786290559288E-004
NOTE:  ice_shelf_solve_outer: linear solve done in           20  iterations
NOTE:  ice_shelf_solve_outer: nonlinear fractional residual =    1.1838729537804830E-004
NOTE:  ice_shelf_solve_outer: linear solve done in           21  iterations
NOTE:  ice_shelf_solve_outer: nonlinear fractional residual =    7.9041479631373278E-005
NOTE:  ice_shelf_solve_outer: switching to Newton iterations at iter =            9
NOTE:  ice_shelf_solve_outer: nonlinear fractional residual =    7.9041479631373278E-005
NOTE:  ice_shelf_solve_outer: exiting nonlinear solve after            9  iterations
NOTE: callTree: <--- Main loop
NOTE: callTree: loop Main loop, Shelf_driver.F90     127
NOTE: solo_step_ice_shelf:  TIME in ice shelf call, yrs:    126.00000000000000
NOTE: solo_step_ice_shelf:  Ice model timestep =    31536000.000000000       seconds
NOTE:  ice_shelf_solve_outer: linear solve done in           20  iterations
NOTE:  ice_shelf_solve_outer: nonlinear fractional residual =    1.4069000874784136E-003
NOTE:  ice_shelf_solve_outer: linear solve done in           20  iterations
NOTE:  ice_shelf_solve_outer: nonlinear fractional residual =    9.3337247298485259E-004
NOTE:  ice_shelf_solve_outer: linear solve done in           20  iterations
NOTE:  ice_shelf_solve_outer: nonlinear fractional residual =    6.2023171781416906E-004
NOTE:  ice_shelf_solve_outer: linear solve done in           21  iterations
NOTE:  ice_shelf_solve_outer: nonlinear fractional residual =    4.1259463780186646E-004
NOTE:  ice_shelf_solve_outer: linear solve done in           20  iterations
NOTE:  ice_shelf_solve_outer: nonlinear fractional residual =    2.7466703945001566E-004
NOTE:  ice_shelf_solve_outer: linear solve done in           21  iterations
NOTE:  ice_shelf_solve_outer: nonlinear fractional residual =    1.8293560685771378E-004
NOTE:  ice_shelf_solve_outer: linear solve done in           21  iterations
NOTE:  ice_shelf_solve_outer: nonlinear fractional residual =    1.2187903916266426E-004
NOTE:  ice_shelf_solve_outer: linear solve done in           21  iterations
NOTE:  ice_shelf_solve_outer: nonlinear fractional residual =    8.1218035174733305E-005
NOTE:  ice_shelf_solve_outer: switching to Newton iterations at iter =            8
NOTE:  ice_shelf_solve_outer: nonlinear fractional residual =    8.1218035174733305E-005
NOTE:  ice_shelf_solve_outer: exiting nonlinear solve after            8  iterations
NOTE: callTree: <--- Main loop
NOTE: callTree: loop Main loop, Shelf_driver.F90     128
NOTE: solo_step_ice_shelf:  TIME in ice shelf call, yrs:    127.00000000000000
NOTE: solo_step_ice_shelf:  Ice model timestep =    31536000.000000000       seconds
NOTE:  ice_shelf_solve_outer: linear solve done in           20  iterations
NOTE:  ice_shelf_solve_outer: nonlinear fractional residual =    3.5017699934704127E-004
NOTE:  ice_shelf_solve_outer: linear solve done in           20  iterations
NOTE:  ice_shelf_solve_outer: nonlinear fractional residual =    1.6824855835069228E-004
NOTE:  ice_shelf_solve_outer: linear solve done in           20  iterations
NOTE:  ice_shelf_solve_outer: nonlinear fractional residual =    8.3070102546580428E-005
NOTE:  ice_shelf_solve_outer: switching to Newton iterations at iter =            3
NOTE:  ice_shelf_solve_outer: nonlinear fractional residual =    8.3070102546580428E-005
NOTE:  ice_shelf_solve_outer: exiting nonlinear solve after            3  iterations
NOTE: callTree: <--- Main loop
NOTE: callTree: loop Main loop, Shelf_driver.F90     129
NOTE: solo_step_ice_shelf:  TIME in ice shelf call, yrs:    128.00000000000000
NOTE: solo_step_ice_shelf:  Ice model timestep =    31536000.000000000       seconds
NOTE:  ice_shelf_solve_outer: linear solve done in           20  iterations
NOTE:  ice_shelf_solve_outer: nonlinear fractional residual =    7.0422779410746162E-004
NOTE:  ice_shelf_solve_outer: linear solve done in           20  iterations
NOTE:  ice_shelf_solve_outer: nonlinear fractional residual =    4.6252855970590014E-004
NOTE:  ice_shelf_solve_outer: linear solve done in           20  iterations
NOTE:  ice_shelf_solve_outer: nonlinear fractional residual =    3.0526179582097637E-004
NOTE:  ice_shelf_solve_outer: linear solve done in           20  iterations
NOTE:  ice_shelf_solve_outer: nonlinear fractional residual =    2.0213463522296413E-004
NOTE:  ice_shelf_solve_outer: linear solve done in           20  iterations
NOTE:  ice_shelf_solve_outer: nonlinear fractional residual =    1.3414620928153787E-004
NOTE:  ice_shelf_solve_outer: linear solve done in           21  iterations
NOTE:  ice_shelf_solve_outer: nonlinear fractional residual =    8.9159627052104825E-005
NOTE:  ice_shelf_solve_outer: switching to Newton iterations at iter =            6
NOTE:  ice_shelf_solve_outer: nonlinear fractional residual =    8.9159627052104825E-005
NOTE:  ice_shelf_solve_outer: exiting nonlinear solve after            6  iterations
NOTE: callTree: <--- Main loop
NOTE: callTree: loop Main loop, Shelf_driver.F90     130
NOTE: solo_step_ice_shelf:  TIME in ice shelf call, yrs:    129.00000000000000
NOTE: solo_step_ice_shelf:  Ice model timestep =    31536000.000000000       seconds
NOTE:  ice_shelf_solve_outer: linear solve done in           20  iterations
NOTE:  ice_shelf_solve_outer: nonlinear fractional residual =    2.0906765194721524E-003
NOTE:  ice_shelf_solve_outer: linear solve done in           20  iterations
NOTE:  ice_shelf_solve_outer: nonlinear fractional residual =    1.3797404539541375E-003
NOTE:  ice_shelf_solve_outer: linear solve done in           20  iterations
NOTE:  ice_shelf_solve_outer: nonlinear fractional residual =    9.1364661117748823E-004
NOTE:  ice_shelf_solve_outer: linear solve done in           20  iterations
NOTE:  ice_shelf_solve_outer: nonlinear fractional residual =    6.0636897932430907E-004
NOTE:  ice_shelf_solve_outer: linear solve done in           22  iterations
NOTE:  ice_shelf_solve_outer: nonlinear fractional residual =    4.0303852139066592E-004
NOTE:  ice_shelf_solve_outer: linear solve done in           21  iterations
NOTE:  ice_shelf_solve_outer: nonlinear fractional residual =    2.6815727103461477E-004
NOTE:  ice_shelf_solve_outer: linear solve done in           20  iterations
NOTE:  ice_shelf_solve_outer: nonlinear fractional residual =    1.7853416883388426E-004
NOTE:  ice_shelf_solve_outer: linear solve done in           22  iterations
NOTE:  ice_shelf_solve_outer: nonlinear fractional residual =    1.1891742868978616E-004
NOTE:  ice_shelf_solve_outer: linear solve done in           20  iterations
NOTE:  ice_shelf_solve_outer: nonlinear fractional residual =    7.9231504478769279E-005
NOTE:  ice_shelf_solve_outer: switching to Newton iterations at iter =            9
NOTE:  ice_shelf_solve_outer: nonlinear fractional residual =    7.9231504478769279E-005
NOTE:  ice_shelf_solve_outer: exiting nonlinear solve after            9  iterations
NOTE: callTree: <--- Main loop
NOTE: callTree: loop Main loop, Shelf_driver.F90     131
NOTE: solo_step_ice_shelf:  TIME in ice shelf call, yrs:    130.00000000000000
NOTE: solo_step_ice_shelf:  Ice model timestep =    31536000.000000000       seconds
NOTE:  ice_shelf_solve_outer: linear solve done in           20  iterations
NOTE:  ice_shelf_solve_outer: nonlinear fractional residual =    6.9355520141951583E-004
NOTE:  ice_shelf_solve_outer: linear solve done in           20  iterations
NOTE:  ice_shelf_solve_outer: nonlinear fractional residual =    4.6186803219164653E-004
NOTE:  ice_shelf_solve_outer: linear solve done in           21  iterations
NOTE:  ice_shelf_solve_outer: nonlinear fractional residual =    3.0768899305520266E-004
NOTE:  ice_shelf_solve_outer: linear solve done in           21  iterations
NOTE:  ice_shelf_solve_outer: nonlinear fractional residual =    2.0502690996109318E-004
NOTE:  ice_shelf_solve_outer: linear solve done in           21  iterations
NOTE:  ice_shelf_solve_outer: nonlinear fractional residual =    1.3664057971960101E-004
NOTE:  ice_shelf_solve_outer: linear solve done in           23  iterations
NOTE:  ice_shelf_solve_outer: nonlinear fractional residual =    9.1074155731921461E-005
NOTE:  ice_shelf_solve_outer: switching to Newton iterations at iter =            6
NOTE:  ice_shelf_solve_outer: nonlinear fractional residual =    9.1074155731921461E-005
NOTE:  ice_shelf_solve_outer: exiting nonlinear solve after            6  iterations
NOTE: callTree: <--- Main loop
NOTE: callTree: loop Main loop, Shelf_driver.F90     132
NOTE: solo_step_ice_shelf:  TIME in ice shelf call, yrs:    131.00000000000000
NOTE: solo_step_ice_shelf:  Ice model timestep =    31536000.000000000       seconds
NOTE:  ice_shelf_solve_outer: linear solve done in           20  iterations
NOTE:  ice_shelf_solve_outer: nonlinear fractional residual =    1.4054581236005346E-003
NOTE:  ice_shelf_solve_outer: linear solve done in           20  iterations
NOTE:  ice_shelf_solve_outer: nonlinear fractional residual =    9.2786102563209431E-004
NOTE:  ice_shelf_solve_outer: linear solve done in           20  iterations
NOTE:  ice_shelf_solve_outer: nonlinear fractional residual =    6.1454084841649625E-004
NOTE:  ice_shelf_solve_outer: linear solve done in           20  iterations
NOTE:  ice_shelf_solve_outer: nonlinear fractional residual =    4.0790615936262805E-004
NOTE:  ice_shelf_solve_outer: linear solve done in           20  iterations
NOTE:  ice_shelf_solve_outer: nonlinear fractional residual =    2.7114429968834604E-004
NOTE:  ice_shelf_solve_outer: linear solve done in           20  iterations
NOTE:  ice_shelf_solve_outer: nonlinear fractional residual =    1.8041077962071750E-004
NOTE:  ice_shelf_solve_outer: linear solve done in           21  iterations
NOTE:  ice_shelf_solve_outer: nonlinear fractional residual =    1.2011749180128645E-004
NOTE:  ice_shelf_solve_outer: linear solve done in           21  iterations
NOTE:  ice_shelf_solve_outer: nonlinear fractional residual =    8.0008871055243583E-005
NOTE:  ice_shelf_solve_outer: switching to Newton iterations at iter =            8
NOTE:  ice_shelf_solve_outer: nonlinear fractional residual =    8.0008871055243583E-005
NOTE:  ice_shelf_solve_outer: exiting nonlinear solve after            8  iterations
NOTE: callTree: <--- Main loop
NOTE: callTree: loop Main loop, Shelf_driver.F90     133
NOTE: solo_step_ice_shelf:  TIME in ice shelf call, yrs:    132.00000000000000
NOTE: solo_step_ice_shelf:  Ice model timestep =    31536000.000000000       seconds
NOTE:  ice_shelf_solve_outer: linear solve done in           20  iterations
NOTE:  ice_shelf_solve_outer: nonlinear fractional residual =    4.7697497115809482E-004
NOTE:  ice_shelf_solve_outer: linear solve done in           20  iterations
NOTE:  ice_shelf_solve_outer: nonlinear fractional residual =    3.1753039167426258E-004
NOTE:  ice_shelf_solve_outer: linear solve done in           21  iterations
NOTE:  ice_shelf_solve_outer: nonlinear fractional residual =    2.1148574098470117E-004
NOTE:  ice_shelf_solve_outer: linear solve done in           21  iterations
NOTE:  ice_shelf_solve_outer: nonlinear fractional residual =    1.4090111159550004E-004
NOTE:  ice_shelf_solve_outer: linear solve done in           21  iterations
NOTE:  ice_shelf_solve_outer: nonlinear fractional residual =    9.3894359006596918E-005
NOTE:  ice_shelf_solve_outer: switching to Newton iterations at iter =            5
NOTE:  ice_shelf_solve_outer: nonlinear fractional residual =    9.3894359006596918E-005
NOTE:  ice_shelf_solve_outer: exiting nonlinear solve after            5  iterations
NOTE: callTree: <--- Main loop
NOTE: callTree: loop Main loop, Shelf_driver.F90     134
NOTE: solo_step_ice_shelf:  TIME in ice shelf call, yrs:    133.00000000000000
NOTE: solo_step_ice_shelf:  Ice model timestep =    31536000.000000000       seconds
NOTE:  ice_shelf_solve_outer: linear solve done in           20  iterations
NOTE:  ice_shelf_solve_outer: nonlinear fractional residual =    6.8321349115946890E-004
NOTE:  ice_shelf_solve_outer: linear solve done in           20  iterations
NOTE:  ice_shelf_solve_outer: nonlinear fractional residual =    4.5496544975918339E-004
NOTE:  ice_shelf_solve_outer: linear solve done in           21  iterations
NOTE:  ice_shelf_solve_outer: nonlinear fractional residual =    3.0308367238030182E-004
NOTE:  ice_shelf_solve_outer: linear solve done in           21  iterations
NOTE:  ice_shelf_solve_outer: nonlinear fractional residual =    2.0195509777704476E-004
NOTE:  ice_shelf_solve_outer: linear solve done in           21  iterations
NOTE:  ice_shelf_solve_outer: nonlinear fractional residual =    1.3459199530687027E-004
NOTE:  ice_shelf_solve_outer: linear solve done in           21  iterations
NOTE:  ice_shelf_solve_outer: nonlinear fractional residual =    8.9708117443726350E-005
NOTE:  ice_shelf_solve_outer: switching to Newton iterations at iter =            6
NOTE:  ice_shelf_solve_outer: nonlinear fractional residual =    8.9708117443726350E-005
NOTE:  ice_shelf_solve_outer: exiting nonlinear solve after            6  iterations
NOTE: callTree: <--- Main loop
NOTE: callTree: loop Main loop, Shelf_driver.F90     135
NOTE: solo_step_ice_shelf:  TIME in ice shelf call, yrs:    134.00000000000000
NOTE: solo_step_ice_shelf:  Ice model timestep =    31536000.000000000       seconds
NOTE:  ice_shelf_solve_outer: linear solve done in           20  iterations
NOTE:  ice_shelf_solve_outer: nonlinear fractional residual =    6.4844676553592144E-004
NOTE:  ice_shelf_solve_outer: linear solve done in           20  iterations
NOTE:  ice_shelf_solve_outer: nonlinear fractional residual =    4.3185112981565315E-004
NOTE:  ice_shelf_solve_outer: linear solve done in           20  iterations
NOTE:  ice_shelf_solve_outer: nonlinear fractional residual =    2.8770232299709481E-004
NOTE:  ice_shelf_solve_outer: linear solve done in           21  iterations
NOTE:  ice_shelf_solve_outer: nonlinear fractional residual =    1.9171338998933397E-004
NOTE:  ice_shelf_solve_outer: linear solve done in           21  iterations
NOTE:  ice_shelf_solve_outer: nonlinear fractional residual =    1.2776975490896180E-004
NOTE:  ice_shelf_solve_outer: linear solve done in           21  iterations
NOTE:  ice_shelf_solve_outer: nonlinear fractional residual =    8.5162429473505826E-005
NOTE:  ice_shelf_solve_outer: switching to Newton iterations at iter =            6
NOTE:  ice_shelf_solve_outer: nonlinear fractional residual =    8.5162429473505826E-005
NOTE:  ice_shelf_solve_outer: exiting nonlinear solve after            6  iterations
NOTE: callTree: <--- Main loop
NOTE: callTree: loop Main loop, Shelf_driver.F90     136
NOTE: solo_step_ice_shelf:  TIME in ice shelf call, yrs:    135.00000000000000
NOTE: solo_step_ice_shelf:  Ice model timestep =    31536000.000000000       seconds
NOTE:  ice_shelf_solve_outer: linear solve done in           20  iterations
NOTE:  ice_shelf_solve_outer: nonlinear fractional residual =    6.6718800887268133E-004
NOTE:  ice_shelf_solve_outer: linear solve done in           20  iterations
NOTE:  ice_shelf_solve_outer: nonlinear fractional residual =    4.4432046422958782E-004
NOTE:  ice_shelf_solve_outer: linear solve done in           20  iterations
NOTE:  ice_shelf_solve_outer: nonlinear fractional residual =    2.9600418321665246E-004
NOTE:  ice_shelf_solve_outer: linear solve done in           22  iterations
NOTE:  ice_shelf_solve_outer: nonlinear fractional residual =    1.9724306288589985E-004
NOTE:  ice_shelf_solve_outer: linear solve done in           20  iterations
NOTE:  ice_shelf_solve_outer: nonlinear fractional residual =    1.3145402584797085E-004
NOTE:  ice_shelf_solve_outer: linear solve done in           20  iterations
NOTE:  ice_shelf_solve_outer: nonlinear fractional residual =    8.7617642552065847E-005
NOTE:  ice_shelf_solve_outer: switching to Newton iterations at iter =            6
NOTE:  ice_shelf_solve_outer: nonlinear fractional residual =    8.7617642552065847E-005
NOTE:  ice_shelf_solve_outer: exiting nonlinear solve after            6  iterations
NOTE: callTree: <--- Main loop
NOTE: callTree: loop Main loop, Shelf_driver.F90     137
NOTE: solo_step_ice_shelf:  TIME in ice shelf call, yrs:    136.00000000000000
NOTE: solo_step_ice_shelf:  Ice model timestep =    31536000.000000000       seconds
NOTE:  ice_shelf_solve_outer: linear solve done in           20  iterations
NOTE:  ice_shelf_solve_outer: nonlinear fractional residual =    7.1659944749157369E-004
NOTE:  ice_shelf_solve_outer: linear solve done in           20  iterations
NOTE:  ice_shelf_solve_outer: nonlinear fractional residual =    4.7701370974911547E-004
NOTE:  ice_shelf_solve_outer: linear solve done in           20  iterations
NOTE:  ice_shelf_solve_outer: nonlinear fractional residual =    3.1768989573637826E-004
NOTE:  ice_shelf_solve_outer: linear solve done in           20  iterations
NOTE:  ice_shelf_solve_outer: nonlinear fractional residual =    2.1165150244684846E-004
NOTE:  ice_shelf_solve_outer: linear solve done in           22  iterations
NOTE:  ice_shelf_solve_outer: nonlinear fractional residual =    1.4103803408678723E-004
NOTE:  ice_shelf_solve_outer: linear solve done in           21  iterations
NOTE:  ice_shelf_solve_outer: nonlinear fractional residual =    9.3997381622137443E-005
NOTE:  ice_shelf_solve_outer: switching to Newton iterations at iter =            6
NOTE:  ice_shelf_solve_outer: nonlinear fractional residual =    9.3997381622137443E-005
NOTE:  ice_shelf_solve_outer: exiting nonlinear solve after            6  iterations
NOTE: callTree: <--- Main loop
NOTE: callTree: loop Main loop, Shelf_driver.F90     138
NOTE: solo_step_ice_shelf:  TIME in ice shelf call, yrs:    137.00000000000000
NOTE: solo_step_ice_shelf:  Ice model timestep =    31536000.000000000       seconds
NOTE:  ice_shelf_solve_outer: linear solve done in           20  iterations
NOTE:  ice_shelf_solve_outer: nonlinear fractional residual =    1.0637306162178217E-003
NOTE:  ice_shelf_solve_outer: linear solve done in           20  iterations
NOTE:  ice_shelf_solve_outer: nonlinear fractional residual =    7.0493213319907603E-004
NOTE:  ice_shelf_solve_outer: linear solve done in           20  iterations
NOTE:  ice_shelf_solve_outer: nonlinear fractional residual =    4.6809159377190753E-004
NOTE:  ice_shelf_solve_outer: linear solve done in           20  iterations
NOTE:  ice_shelf_solve_outer: nonlinear fractional residual =    3.1123685374682297E-004
NOTE:  ice_shelf_solve_outer: linear solve done in           20  iterations
NOTE:  ice_shelf_solve_outer: nonlinear fractional residual =    2.0712605970068447E-004
NOTE:  ice_shelf_solve_outer: linear solve done in           21  iterations
NOTE:  ice_shelf_solve_outer: nonlinear fractional residual =    1.3792207695993589E-004
NOTE:  ice_shelf_solve_outer: linear solve done in           21  iterations
NOTE:  ice_shelf_solve_outer: nonlinear fractional residual =    9.1876167804994061E-005
NOTE:  ice_shelf_solve_outer: switching to Newton iterations at iter =            7
NOTE:  ice_shelf_solve_outer: nonlinear fractional residual =    9.1876167804994061E-005
NOTE:  ice_shelf_solve_outer: exiting nonlinear solve after            7  iterations
NOTE: callTree: <--- Main loop
NOTE: callTree: loop Main loop, Shelf_driver.F90     139
NOTE: solo_step_ice_shelf:  TIME in ice shelf call, yrs:    138.00000000000000
NOTE: solo_step_ice_shelf:  Ice model timestep =    31536000.000000000       seconds
NOTE:  ice_shelf_solve_outer: linear solve done in           20  iterations
NOTE:  ice_shelf_solve_outer: nonlinear fractional residual =    6.5186699752184277E-004
NOTE:  ice_shelf_solve_outer: linear solve done in           20  iterations
NOTE:  ice_shelf_solve_outer: nonlinear fractional residual =    4.3409315725108578E-004
NOTE:  ice_shelf_solve_outer: linear solve done in           22  iterations
NOTE:  ice_shelf_solve_outer: nonlinear fractional residual =    2.8918010228263467E-004
NOTE:  ice_shelf_solve_outer: linear solve done in           20  iterations
NOTE:  ice_shelf_solve_outer: nonlinear fractional residual =    1.9269107436706908E-004
NOTE:  ice_shelf_solve_outer: linear solve done in           21  iterations
NOTE:  ice_shelf_solve_outer: nonlinear fractional residual =    1.2841821400555930E-004
NOTE:  ice_shelf_solve_outer: linear solve done in           21  iterations
NOTE:  ice_shelf_solve_outer: nonlinear fractional residual =    8.5593256480304882E-005
NOTE:  ice_shelf_solve_outer: switching to Newton iterations at iter =            6
NOTE:  ice_shelf_solve_outer: nonlinear fractional residual =    8.5593256480304882E-005
NOTE:  ice_shelf_solve_outer: exiting nonlinear solve after            6  iterations
NOTE: callTree: <--- Main loop
NOTE: callTree: loop Main loop, Shelf_driver.F90     140
NOTE: solo_step_ice_shelf:  TIME in ice shelf call, yrs:    139.00000000000000
NOTE: solo_step_ice_shelf:  Ice model timestep =    31536000.000000000       seconds
NOTE:  ice_shelf_solve_outer: linear solve done in           20  iterations
NOTE:  ice_shelf_solve_outer: nonlinear fractional residual =    6.4377738365910123E-004
NOTE:  ice_shelf_solve_outer: linear solve done in           20  iterations
NOTE:  ice_shelf_solve_outer: nonlinear fractional residual =    4.2873045321513339E-004
NOTE:  ice_shelf_solve_outer: linear solve done in           20  iterations
NOTE:  ice_shelf_solve_outer: nonlinear fractional residual =    2.8561843172623328E-004
NOTE:  ice_shelf_solve_outer: linear solve done in           21  iterations
NOTE:  ice_shelf_solve_outer: nonlinear fractional residual =    1.9032260163086393E-004
NOTE:  ice_shelf_solve_outer: linear solve done in           22  iterations
NOTE:  ice_shelf_solve_outer: nonlinear fractional residual =    1.2684188407862475E-004
NOTE:  ice_shelf_solve_outer: linear solve done in           21  iterations
NOTE:  ice_shelf_solve_outer: nonlinear fractional residual =    8.4543547787938226E-005
NOTE:  ice_shelf_solve_outer: switching to Newton iterations at iter =            6
NOTE:  ice_shelf_solve_outer: nonlinear fractional residual =    8.4543547787938226E-005
NOTE:  ice_shelf_solve_outer: exiting nonlinear solve after            6  iterations
NOTE: callTree: <--- Main loop
NOTE: callTree: loop Main loop, Shelf_driver.F90     141
NOTE: solo_step_ice_shelf:  TIME in ice shelf call, yrs:    140.00000000000000
NOTE: solo_step_ice_shelf:  Ice model timestep =    31536000.000000000       seconds
NOTE:  ice_shelf_solve_outer: linear solve done in           20  iterations
NOTE:  ice_shelf_solve_outer: nonlinear fractional residual =    1.6309214058872353E-003
NOTE:  ice_shelf_solve_outer: linear solve done in           20  iterations
NOTE:  ice_shelf_solve_outer: nonlinear fractional residual =    1.0133534982024266E-003
NOTE:  ice_shelf_solve_outer: linear solve done in           20  iterations
NOTE:  ice_shelf_solve_outer: nonlinear fractional residual =    6.4309178628854722E-004
NOTE:  ice_shelf_solve_outer: linear solve done in           20  iterations
NOTE:  ice_shelf_solve_outer: nonlinear fractional residual =    4.1440381775475078E-004
NOTE:  ice_shelf_solve_outer: linear solve done in           20  iterations
NOTE:  ice_shelf_solve_outer: nonlinear fractional residual =    2.6993522352052323E-004
NOTE:  ice_shelf_solve_outer: linear solve done in           20  iterations
NOTE:  ice_shelf_solve_outer: nonlinear fractional residual =    1.7715118425792634E-004
NOTE:  ice_shelf_solve_outer: linear solve done in           20  iterations
NOTE:  ice_shelf_solve_outer: nonlinear fractional residual =    1.1685662960364551E-004
NOTE:  ice_shelf_solve_outer: linear solve done in           21  iterations
NOTE:  ice_shelf_solve_outer: nonlinear fractional residual =    7.7352287048896833E-005
NOTE:  ice_shelf_solve_outer: switching to Newton iterations at iter =            8
NOTE:  ice_shelf_solve_outer: nonlinear fractional residual =    7.7352287048896833E-005
NOTE:  ice_shelf_solve_outer: exiting nonlinear solve after            8  iterations
NOTE: callTree: <--- Main loop
NOTE: callTree: loop Main loop, Shelf_driver.F90     142
NOTE: solo_step_ice_shelf:  TIME in ice shelf call, yrs:    141.00000000000000
NOTE: solo_step_ice_shelf:  Ice model timestep =    31536000.000000000       seconds
NOTE:  ice_shelf_solve_outer: linear solve done in           20  iterations
NOTE:  ice_shelf_solve_outer: nonlinear fractional residual =    6.1798965914226041E-004
NOTE:  ice_shelf_solve_outer: linear solve done in           21  iterations
NOTE:  ice_shelf_solve_outer: nonlinear fractional residual =    4.1136936257005229E-004
NOTE:  ice_shelf_solve_outer: linear solve done in           21  iterations
NOTE:  ice_shelf_solve_outer: nonlinear fractional residual =    2.7396930662973700E-004
NOTE:  ice_shelf_solve_outer: linear solve done in           22  iterations
NOTE:  ice_shelf_solve_outer: nonlinear fractional residual =    1.8252320668520199E-004
NOTE:  ice_shelf_solve_outer: linear solve done in           21  iterations
NOTE:  ice_shelf_solve_outer: nonlinear fractional residual =    1.2162749674551958E-004
NOTE:  ice_shelf_solve_outer: linear solve done in           21  iterations
NOTE:  ice_shelf_solve_outer: nonlinear fractional residual =    8.1060720420928723E-005
NOTE:  ice_shelf_solve_outer: switching to Newton iterations at iter =            6
NOTE:  ice_shelf_solve_outer: nonlinear fractional residual =    8.1060720420928723E-005
NOTE:  ice_shelf_solve_outer: exiting nonlinear solve after            6  iterations
NOTE: callTree: <--- Main loop
NOTE: callTree: loop Main loop, Shelf_driver.F90     143
NOTE: solo_step_ice_shelf:  TIME in ice shelf call, yrs:    142.00000000000000
NOTE: solo_step_ice_shelf:  Ice model timestep =    31536000.000000000       seconds
NOTE:  ice_shelf_solve_outer: linear solve done in           20  iterations
NOTE:  ice_shelf_solve_outer: nonlinear fractional residual =    2.6875785165198312E-003
NOTE:  ice_shelf_solve_outer: linear solve done in           20  iterations
NOTE:  ice_shelf_solve_outer: nonlinear fractional residual =    1.8916619622645246E-003
NOTE:  ice_shelf_solve_outer: linear solve done in           20  iterations
NOTE:  ice_shelf_solve_outer: nonlinear fractional residual =    1.3068762017567313E-003
NOTE:  ice_shelf_solve_outer: linear solve done in           20  iterations
NOTE:  ice_shelf_solve_outer: nonlinear fractional residual =    8.9200290732345999E-004
NOTE:  ice_shelf_solve_outer: linear solve done in           20  iterations
NOTE:  ice_shelf_solve_outer: nonlinear fractional residual =    6.0401564538136495E-004
NOTE:  ice_shelf_solve_outer: linear solve done in           20  iterations
NOTE:  ice_shelf_solve_outer: nonlinear fractional residual =    4.0686848004403161E-004
NOTE:  ice_shelf_solve_outer: linear solve done in           21  iterations
NOTE:  ice_shelf_solve_outer: nonlinear fractional residual =    2.7311958485314513E-004
NOTE:  ice_shelf_solve_outer: linear solve done in           21  iterations
NOTE:  ice_shelf_solve_outer: nonlinear fractional residual =    1.8291588837735022E-004
NOTE:  ice_shelf_solve_outer: linear solve done in           20  iterations
NOTE:  ice_shelf_solve_outer: nonlinear fractional residual =    1.2231653518124521E-004
NOTE:  ice_shelf_solve_outer: linear solve done in           22  iterations
NOTE:  ice_shelf_solve_outer: nonlinear fractional residual =    8.1710253238295895E-005
NOTE:  ice_shelf_solve_outer: switching to Newton iterations at iter =           10
NOTE:  ice_shelf_solve_outer: nonlinear fractional residual =    8.1710253238295895E-005
NOTE:  ice_shelf_solve_outer: exiting nonlinear solve after           10  iterations
NOTE: callTree: <--- Main loop
NOTE: callTree: loop Main loop, Shelf_driver.F90     144
NOTE: solo_step_ice_shelf:  TIME in ice shelf call, yrs:    143.00000000000000
NOTE: solo_step_ice_shelf:  Ice model timestep =    31536000.000000000       seconds
NOTE:  ice_shelf_solve_outer: linear solve done in           20  iterations
NOTE:  ice_shelf_solve_outer: nonlinear fractional residual =    5.3175624524536859E-004
NOTE:  ice_shelf_solve_outer: linear solve done in           21  iterations
NOTE:  ice_shelf_solve_outer: nonlinear fractional residual =    3.5419015119367400E-004
NOTE:  ice_shelf_solve_outer: linear solve done in           22  iterations
NOTE:  ice_shelf_solve_outer: nonlinear fractional residual =    2.3598727755577416E-004
NOTE:  ice_shelf_solve_outer: linear solve done in           21  iterations
NOTE:  ice_shelf_solve_outer: nonlinear fractional residual =    1.5726287722136168E-004
NOTE:  ice_shelf_solve_outer: linear solve done in           22  iterations
NOTE:  ice_shelf_solve_outer: nonlinear fractional residual =    1.0481438015388033E-004
NOTE:  ice_shelf_solve_outer: linear solve done in           21  iterations
NOTE:  ice_shelf_solve_outer: nonlinear fractional residual =    6.9864016122508202E-005
NOTE:  ice_shelf_solve_outer: switching to Newton iterations at iter =            6
NOTE:  ice_shelf_solve_outer: nonlinear fractional residual =    6.9864016122508202E-005
NOTE:  ice_shelf_solve_outer: exiting nonlinear solve after            6  iterations
NOTE: callTree: <--- Main loop
NOTE: callTree: loop Main loop, Shelf_driver.F90     145
NOTE: solo_step_ice_shelf:  TIME in ice shelf call, yrs:    144.00000000000000
NOTE: solo_step_ice_shelf:  Ice model timestep =    31536000.000000000       seconds
NOTE:  ice_shelf_solve_outer: linear solve done in           20  iterations
NOTE:  ice_shelf_solve_outer: nonlinear fractional residual =    6.3145034138038835E-004
NOTE:  ice_shelf_solve_outer: linear solve done in           20  iterations
NOTE:  ice_shelf_solve_outer: nonlinear fractional residual =    4.2053521020983130E-004
NOTE:  ice_shelf_solve_outer: linear solve done in           20  iterations
NOTE:  ice_shelf_solve_outer: nonlinear fractional residual =    2.8016505211831479E-004
NOTE:  ice_shelf_solve_outer: linear solve done in           20  iterations
NOTE:  ice_shelf_solve_outer: nonlinear fractional residual =    1.8669150731030147E-004
NOTE:  ice_shelf_solve_outer: linear solve done in           22  iterations
NOTE:  ice_shelf_solve_outer: nonlinear fractional residual =    1.2442315051840942E-004
NOTE:  ice_shelf_solve_outer: linear solve done in           21  iterations
NOTE:  ice_shelf_solve_outer: nonlinear fractional residual =    8.2931945556342096E-005
NOTE:  ice_shelf_solve_outer: switching to Newton iterations at iter =            6
NOTE:  ice_shelf_solve_outer: nonlinear fractional residual =    8.2931945556342096E-005
NOTE:  ice_shelf_solve_outer: exiting nonlinear solve after            6  iterations
NOTE: callTree: <--- Main loop
NOTE: callTree: loop Main loop, Shelf_driver.F90     146
NOTE: solo_step_ice_shelf:  TIME in ice shelf call, yrs:    145.00000000000000
NOTE: solo_step_ice_shelf:  Ice model timestep =    31536000.000000000       seconds
NOTE:  ice_shelf_solve_outer: linear solve done in           20  iterations
NOTE:  ice_shelf_solve_outer: nonlinear fractional residual =    6.3255518119733321E-004
NOTE:  ice_shelf_solve_outer: linear solve done in           20  iterations
NOTE:  ice_shelf_solve_outer: nonlinear fractional residual =    4.2126703215991711E-004
NOTE:  ice_shelf_solve_outer: linear solve done in           20  iterations
NOTE:  ice_shelf_solve_outer: nonlinear fractional residual =    2.8065083048275393E-004
NOTE:  ice_shelf_solve_outer: linear solve done in           22  iterations
NOTE:  ice_shelf_solve_outer: nonlinear fractional residual =    1.8701442692302915E-004
NOTE:  ice_shelf_solve_outer: linear solve done in           20  iterations
NOTE:  ice_shelf_solve_outer: nonlinear fractional residual =    1.2463801590753291E-004
NOTE:  ice_shelf_solve_outer: linear solve done in           21  iterations
NOTE:  ice_shelf_solve_outer: nonlinear fractional residual =    8.3075004544770593E-005
NOTE:  ice_shelf_solve_outer: switching to Newton iterations at iter =            6
NOTE:  ice_shelf_solve_outer: nonlinear fractional residual =    8.3075004544770593E-005
NOTE:  ice_shelf_solve_outer: exiting nonlinear solve after            6  iterations
NOTE: callTree: <--- Main loop
NOTE: callTree: loop Main loop, Shelf_driver.F90     147
NOTE: solo_step_ice_shelf:  TIME in ice shelf call, yrs:    146.00000000000000
NOTE: solo_step_ice_shelf:  Ice model timestep =    31536000.000000000       seconds
NOTE:  ice_shelf_solve_outer: linear solve done in           20  iterations
NOTE:  ice_shelf_solve_outer: nonlinear fractional residual =    1.5649308679950005E-003
NOTE:  ice_shelf_solve_outer: linear solve done in           20  iterations
NOTE:  ice_shelf_solve_outer: nonlinear fractional residual =    1.2489805308331190E-003
NOTE:  ice_shelf_solve_outer: linear solve done in           20  iterations
NOTE:  ice_shelf_solve_outer: nonlinear fractional residual =    9.2583482298018319E-004
NOTE:  ice_shelf_solve_outer: linear solve done in           20  iterations
NOTE:  ice_shelf_solve_outer: nonlinear fractional residual =    6.5917148848813282E-004
NOTE:  ice_shelf_solve_outer: linear solve done in           20  iterations
NOTE:  ice_shelf_solve_outer: nonlinear fractional residual =    4.5825211910152663E-004
NOTE:  ice_shelf_solve_outer: linear solve done in           20  iterations
NOTE:  ice_shelf_solve_outer: nonlinear fractional residual =    3.1390706831973912E-004
NOTE:  ice_shelf_solve_outer: linear solve done in           20  iterations
NOTE:  ice_shelf_solve_outer: nonlinear fractional residual =    2.1302157661223496E-004
NOTE:  ice_shelf_solve_outer: linear solve done in           20  iterations
NOTE:  ice_shelf_solve_outer: nonlinear fractional residual =    1.4368540995456859E-004
NOTE:  ice_shelf_solve_outer: linear solve done in           20  iterations
NOTE:  ice_shelf_solve_outer: nonlinear fractional residual =    9.6534219961711532E-005
NOTE:  ice_shelf_solve_outer: switching to Newton iterations at iter =            9
NOTE:  ice_shelf_solve_outer: nonlinear fractional residual =    9.6534219961711532E-005
NOTE:  ice_shelf_solve_outer: exiting nonlinear solve after            9  iterations
NOTE: callTree: <--- Main loop
NOTE: callTree: loop Main loop, Shelf_driver.F90     148
NOTE: solo_step_ice_shelf:  TIME in ice shelf call, yrs:    147.00000000000000
NOTE: solo_step_ice_shelf:  Ice model timestep =    31536000.000000000       seconds
NOTE:  ice_shelf_solve_outer: linear solve done in           20  iterations
NOTE:  ice_shelf_solve_outer: nonlinear fractional residual =    6.0695879053182815E-004
NOTE:  ice_shelf_solve_outer: linear solve done in           21  iterations
NOTE:  ice_shelf_solve_outer: nonlinear fractional residual =    4.0399465350144433E-004
NOTE:  ice_shelf_solve_outer: linear solve done in           20  iterations
NOTE:  ice_shelf_solve_outer: nonlinear fractional residual =    2.6904371154212508E-004
NOTE:  ice_shelf_solve_outer: linear solve done in           21  iterations
NOTE:  ice_shelf_solve_outer: nonlinear fractional residual =    1.7923545737857954E-004
NOTE:  ice_shelf_solve_outer: linear solve done in           22  iterations
NOTE:  ice_shelf_solve_outer: nonlinear fractional residual =    1.1943388833640366E-004
NOTE:  ice_shelf_solve_outer: linear solve done in           21  iterations
NOTE:  ice_shelf_solve_outer: nonlinear fractional residual =    7.9597528714534234E-005
NOTE:  ice_shelf_solve_outer: switching to Newton iterations at iter =            6
NOTE:  ice_shelf_solve_outer: nonlinear fractional residual =    7.9597528714534234E-005
NOTE:  ice_shelf_solve_outer: exiting nonlinear solve after            6  iterations
NOTE: callTree: <--- Main loop
NOTE: callTree: loop Main loop, Shelf_driver.F90     149
NOTE: solo_step_ice_shelf:  TIME in ice shelf call, yrs:    148.00000000000000
NOTE: solo_step_ice_shelf:  Ice model timestep =    31536000.000000000       seconds
NOTE:  ice_shelf_solve_outer: linear solve done in           20  iterations
NOTE:  ice_shelf_solve_outer: nonlinear fractional residual =    1.1959073668957401E-003
NOTE:  ice_shelf_solve_outer: linear solve done in           20  iterations
NOTE:  ice_shelf_solve_outer: nonlinear fractional residual =    7.9071606124453463E-004
NOTE:  ice_shelf_solve_outer: linear solve done in           20  iterations
NOTE:  ice_shelf_solve_outer: nonlinear fractional residual =    5.2425803787370037E-004
NOTE:  ice_shelf_solve_outer: linear solve done in           20  iterations
NOTE:  ice_shelf_solve_outer: nonlinear fractional residual =    3.4823079419779709E-004
NOTE:  ice_shelf_solve_outer: linear solve done in           20  iterations
NOTE:  ice_shelf_solve_outer: nonlinear fractional residual =    2.3158977865139391E-004
NOTE:  ice_shelf_solve_outer: linear solve done in           20  iterations
NOTE:  ice_shelf_solve_outer: nonlinear fractional residual =    1.5414318698641971E-004
NOTE:  ice_shelf_solve_outer: linear solve done in           20  iterations
NOTE:  ice_shelf_solve_outer: nonlinear fractional residual =    1.0265122268462255E-004
NOTE:  ice_shelf_solve_outer: linear solve done in           22  iterations
NOTE:  ice_shelf_solve_outer: nonlinear fractional residual =    6.8384920772508127E-005
NOTE:  ice_shelf_solve_outer: switching to Newton iterations at iter =            8
NOTE:  ice_shelf_solve_outer: nonlinear fractional residual =    6.8384920772508127E-005
NOTE:  ice_shelf_solve_outer: exiting nonlinear solve after            8  iterations
NOTE: callTree: <--- Main loop
NOTE: callTree: loop Main loop, Shelf_driver.F90     150
NOTE: solo_step_ice_shelf:  TIME in ice shelf call, yrs:    149.00000000000000
NOTE: solo_step_ice_shelf:  Ice model timestep =    31536000.000000000       seconds
NOTE:  ice_shelf_solve_outer: linear solve done in           20  iterations
NOTE:  ice_shelf_solve_outer: nonlinear fractional residual =    6.1536826323350794E-004
NOTE:  ice_shelf_solve_outer: linear solve done in           20  iterations
NOTE:  ice_shelf_solve_outer: nonlinear fractional residual =    4.0983998490034233E-004
NOTE:  ice_shelf_solve_outer: linear solve done in           21  iterations
NOTE:  ice_shelf_solve_outer: nonlinear fractional residual =    2.7304651523431684E-004
NOTE:  ice_shelf_solve_outer: linear solve done in           22  iterations
NOTE:  ice_shelf_solve_outer: nonlinear fractional residual =    1.8195097420692222E-004
NOTE:  ice_shelf_solve_outer: linear solve done in           21  iterations
NOTE:  ice_shelf_solve_outer: nonlinear fractional residual =    1.2126508626365708E-004
NOTE:  ice_shelf_solve_outer: linear solve done in           22  iterations
NOTE:  ice_shelf_solve_outer: nonlinear fractional residual =    8.0827587311787532E-005
NOTE:  ice_shelf_solve_outer: switching to Newton iterations at iter =            6
NOTE:  ice_shelf_solve_outer: nonlinear fractional residual =    8.0827587311787532E-005
NOTE:  ice_shelf_solve_outer: exiting nonlinear solve after            6  iterations
NOTE: callTree: <--- Main loop
NOTE: callTree: o End Shelf_main
 MPP_DOMAINS_STACK high water mark=           0
                               Memuse(MB) at Memory HiWaterMark=  3.167E+01  3.167E+01  0.000E+00  3.167E+01

Tabulating mpp_clock statistics across      1 PEs...

                                      hits          tmin          tmax          tavg          tstd  tfrac grain pemin pemax
Total runtime                            1      0.430427      0.430427      0.430427      0.000000  1.000     0     0     0
Initialization                           1      0.030595      0.030595      0.030595      0.000000  0.071     0     0     0
Main loop                                1      0.398994      0.398994      0.398994      0.000000  0.927     0     0     0
Termination                              1      0.000313      0.000313      0.000313      0.000000  0.001     0     0     0
(Ocean diagnostics framework)            0      0.000000      0.000000      0.000000      0.000000  0.000    31     0     0
(Ocean diagnostics remapping)            0      0.000000      0.000000      0.000000      0.000000  0.000    41     0     0
(Ocean diagnostics grid updates)         0      0.000000      0.000000      0.000000      0.000000  0.000    41     0     0
Ice shelf                                0      0.000000      0.000000      0.000000      0.000000  0.000     1     0     0
 Ice shelf halo updates                  1      0.000003      0.000003      0.000003      0.000000  0.000    41     0     0
 MPP_STACK high water mark=           0
